"CASE";"SERIAL";"REF";"QUESTNNR";"MODE";"STARTED";"VM01_01";"VM01_04";"VM01_03";"VM01_05";"VM01_07";"VM01_11";"VM01_27";"VM01_13";"VM01_14";"VM01_15";"VM01_32";"VM01_16";"VM01_17";"VM01_18";"VM01_19";"VM01_20";"VM01_25";"VM01_21";"VM01_23";"VM01_31";"VM01_28";"VM01_29";"VM36_01";"VM36_04";"VM36_03";"VM36_05";"VM36_07";"VM36_11";"VM36_27";"VM36_13";"VM36_14";"VM36_15";"VM36_32";"VM36_16";"VM36_17";"VM36_18";"VM36_19";"VM36_20";"VM36_25";"VM36_21";"VM36_23";"VM36_31";"VM36_28";"VM36_29";"VM37_01";"VM37_04";"VM37_03";"VM37_05";"VM37_07";"VM37_11";"VM37_27";"VM37_13";"VM37_14";"VM37_15";"VM37_32";"VM37_16";"VM37_17";"VM37_18";"VM37_19";"VM37_20";"VM37_25";"VM37_21";"VM37_23";"VM37_31";"VM37_28";"VM37_29";"VM38_01";"VM38_04";"VM38_03";"VM38_05";"VM38_07";"VM38_11";"VM38_27";"VM38_13";"VM38_14";"VM38_15";"VM38_32";"VM38_16";"VM38_17";"VM38_18";"VM38_19";"VM38_20";"VM38_25";"VM38_21";"VM38_23";"VM38_31";"VM38_28";"VM38_29";"VM39_01";"VM39_04";"VM39_03";"VM39_05";"VM39_07";"VM39_11";"VM39_27";"VM39_13";"VM39_14";"VM39_15";"VM39_32";"VM39_16";"VM39_17";"VM39_18";"VM39_19";"VM39_20";"VM39_25";"VM39_21";"VM39_23";"VM39_31";"VM39_28";"VM39_29";"VM40_01";"VM40_04";"VM40_03";"VM40_05";"VM40_07";"VM40_11";"VM40_27";"VM40_13";"VM40_14";"VM40_15";"VM40_32";"VM40_16";"VM40_17";"VM40_18";"VM40_19";"VM40_20";"VM40_25";"VM40_21";"VM40_23";"VM40_31";"VM40_28";"VM40_29";"VM41_01";"VM41_04";"VM41_03";"VM41_05";"VM41_07";"VM41_11";"VM41_27";"VM41_13";"VM41_14";"VM41_15";"VM41_32";"VM41_16";"VM41_17";"VM41_18";"VM41_19";"VM41_20";"VM41_25";"VM41_21";"VM41_23";"VM41_31";"VM41_28";"VM41_29";"VM42_01";"VM42_04";"VM42_03";"VM42_05";"VM42_07";"VM42_11";"VM42_27";"VM42_13";"VM42_14";"VM42_15";"VM42_32";"VM42_16";"VM42_17";"VM42_18";"VM42_19";"VM42_20";"VM42_25";"VM42_21";"VM42_23";"VM42_31";"VM42_28";"VM42_29";"VM43_01";"VM43_04";"VM43_03";"VM43_05";"VM43_07";"VM43_11";"VM43_27";"VM43_13";"VM43_14";"VM43_15";"VM43_32";"VM43_16";"VM43_17";"VM43_18";"VM43_19";"VM43_20";"VM43_25";"VM43_21";"VM43_23";"VM43_31";"VM43_28";"VM43_29";"VM44_01";"VM44_04";"VM44_03";"VM44_05";"VM44_07";"VM44_11";"VM44_27";"VM44_13";"VM44_14";"VM44_15";"VM44_32";"VM44_16";"VM44_17";"VM44_18";"VM44_19";"VM44_20";"VM44_25";"VM44_21";"VM44_23";"VM44_31";"VM44_28";"VM44_29";"VM45_01";"VM45_04";"VM45_03";"VM45_05";"VM45_07";"VM45_11";"VM45_27";"VM45_13";"VM45_14";"VM45_15";"VM45_32";"VM45_16";"VM45_17";"VM45_18";"VM45_19";"VM45_20";"VM45_25";"VM45_21";"VM45_23";"VM45_31";"VM45_28";"VM45_29";"VM46_01";"VM46_04";"VM46_03";"VM46_05";"VM46_07";"VM46_11";"VM46_27";"VM46_13";"VM46_14";"VM46_15";"VM46_32";"VM46_16";"VM46_17";"VM46_18";"VM46_19";"VM46_20";"VM46_25";"VM46_21";"VM46_23";"VM46_31";"VM46_28";"VM46_29";"VM47_01";"VM47_04";"VM47_03";"VM47_05";"VM47_07";"VM47_11";"VM47_27";"VM47_13";"VM47_14";"VM47_15";"VM47_32";"VM47_16";"VM47_17";"VM47_18";"VM47_19";"VM47_20";"VM47_25";"VM47_21";"VM47_23";"VM47_31";"VM47_28";"VM47_29";"VM48_01";"VM48_04";"VM48_03";"VM48_05";"VM48_07";"VM48_11";"VM48_27";"VM48_13";"VM48_14";"VM48_15";"VM48_32";"VM48_16";"VM48_17";"VM48_18";"VM48_19";"VM48_20";"VM48_25";"VM48_21";"VM48_23";"VM48_31";"VM48_28";"VM48_29";"VM15";"VM16";"VM16_01";"VM16_02";"VM16_03";"VM16_04";"VM17";"VM18_01";"VM21";"VM22";"VM23";"VM24";"VM25";"VM26";"VM27";"VM28";"VM29";"VM30";"VM31";"VM32";"VM33";"VM34";"VM35";"TIME001";"TIME002";"TIME003";"TIME004";"TIME005";"TIME006";"TIME007";"TIME008";"TIME009";"TIME010";"TIME011";"TIME012";"TIME013";"TIME014";"TIME015";"TIME016";"TIME017";"TIME_SUM";"MAILSENT";"LASTDATA";"FINISHED";"Q_VIEWER";"LASTPAGE";"MAXPAGE";"MISSING";"MISSREL";"TIME_RSI"
"Interview-Nummer (fortlaufend)";"Personenkennung oder Teilnahmecode (sofern verwendet)";"Referenz (sofern im Link angegeben)";"Fragebogen, der im Interview verwendet wurde";"Interview-Modus";"Zeitpunkt zu dem das Interview begonnen hat (Europe/Berlin)";"Polaritätsprofil S1.1: leise/laut";"Polaritätsprofil S1.1: deutlich/undeutlich";"Polaritätsprofil S1.1: energisch/antriebslos";"Polaritätsprofil S1.1: langsam/schnell";"Polaritätsprofil S1.1: eindringlich/zurückhaltend";"Polaritätsprofil S1.1: emotional/rational";"Polaritätsprofil S1.1: aufrichtig/unaufrichtig";"Polaritätsprofil S1.1: alt/jung";"Polaritätsprofil S1.1: modern/traditionell";"Polaritätsprofil S1.1: ruhig/temperamentvoll";"Polaritätsprofil S1.1: wohlklingend/knarrig";"Polaritätsprofil S1.1: angespannt/entspannt";"Polaritätsprofil S1.1: sicherheitsbedacht/abenteuerlustig";"Polaritätsprofil S1.1: zittrig/stabil";"Polaritätsprofil S1.1: weich/hart";"Polaritätsprofil S1.1: behaucht/unbehaucht";"Polaritätsprofil S1.1: gewagt/bodenständig";"Polaritätsprofil S1.1: monoton/abwechslungsreich";"Polaritätsprofil S1.1: einfühlsam/unsensibel";"Polaritätsprofil S1.1: tief/hoch";"Polaritätsprofil S1.1: distanziert/nahbar";"Polaritätsprofil S1.1: beruhigend/aufregend";"Polaritätsprofil S1.2: leise/laut";"Polaritätsprofil S1.2: deutlich/undeutlich";"Polaritätsprofil S1.2: energisch/antriebslos";"Polaritätsprofil S1.2: langsam/schnell";"Polaritätsprofil S1.2: eindringlich/zurückhaltend";"Polaritätsprofil S1.2: emotional/rational";"Polaritätsprofil S1.2: aufrichtig/unaufrichtig";"Polaritätsprofil S1.2: alt/jung";"Polaritätsprofil S1.2: modern/traditionell";"Polaritätsprofil S1.2: ruhig/temperamentvoll";"Polaritätsprofil S1.2: wohlklingend/knarrig";"Polaritätsprofil S1.2: angespannt/entspannt";"Polaritätsprofil S1.2: sicherheitsbedacht/abenteuerlustig";"Polaritätsprofil S1.2: zittrig/stabil";"Polaritätsprofil S1.2: weich/hart";"Polaritätsprofil S1.2: behaucht/unbehaucht";"Polaritätsprofil S1.2: gewagt/bodenständig";"Polaritätsprofil S1.2: monoton/abwechslungsreich";"Polaritätsprofil S1.2: einfühlsam/unsensibel";"Polaritätsprofil S1.2: tief/hoch";"Polaritätsprofil S1.2: distanziert/nahbar";"Polaritätsprofil S1.2: beruhigend/aufregend";"Polaritätsprofil S2.1: leise/laut";"Polaritätsprofil S2.1: deutlich/undeutlich";"Polaritätsprofil S2.1: energisch/antriebslos";"Polaritätsprofil S2.1: langsam/schnell";"Polaritätsprofil S2.1: eindringlich/zurückhaltend";"Polaritätsprofil S2.1: emotional/rational";"Polaritätsprofil S2.1: aufrichtig/unaufrichtig";"Polaritätsprofil S2.1: alt/jung";"Polaritätsprofil S2.1: modern/traditionell";"Polaritätsprofil S2.1: ruhig/temperamentvoll";"Polaritätsprofil S2.1: wohlklingend/knarrig";"Polaritätsprofil S2.1: angespannt/entspannt";"Polaritätsprofil S2.1: sicherheitsbedacht/abenteuerlustig";"Polaritätsprofil S2.1: zittrig/stabil";"Polaritätsprofil S2.1: weich/hart";"Polaritätsprofil S2.1: behaucht/unbehaucht";"Polaritätsprofil S2.1: gewagt/bodenständig";"Polaritätsprofil S2.1: monoton/abwechslungsreich";"Polaritätsprofil S2.1: einfühlsam/unsensibel";"Polaritätsprofil S2.1: tief/hoch";"Polaritätsprofil S2.1: distanziert/nahbar";"Polaritätsprofil S2.1: beruhigend/aufregend";"Polaritätsprofil S2.2: leise/laut";"Polaritätsprofil S2.2: deutlich/undeutlich";"Polaritätsprofil S2.2: energisch/antriebslos";"Polaritätsprofil S2.2: langsam/schnell";"Polaritätsprofil S2.2: eindringlich/zurückhaltend";"Polaritätsprofil S2.2: emotional/rational";"Polaritätsprofil S2.2: aufrichtig/unaufrichtig";"Polaritätsprofil S2.2: alt/jung";"Polaritätsprofil S2.2: modern/traditionell";"Polaritätsprofil S2.2: ruhig/temperamentvoll";"Polaritätsprofil S2.2: wohlklingend/knarrig";"Polaritätsprofil S2.2: angespannt/entspannt";"Polaritätsprofil S2.2: sicherheitsbedacht/abenteuerlustig";"Polaritätsprofil S2.2: zittrig/stabil";"Polaritätsprofil S2.2: weich/hart";"Polaritätsprofil S2.2: behaucht/unbehaucht";"Polaritätsprofil S2.2: gewagt/bodenständig";"Polaritätsprofil S2.2: monoton/abwechslungsreich";"Polaritätsprofil S2.2: einfühlsam/unsensibel";"Polaritätsprofil S2.2: tief/hoch";"Polaritätsprofil S2.2: distanziert/nahbar";"Polaritätsprofil S2.2: beruhigend/aufregend";"Polaritätsprofil S3.1: leise/laut";"Polaritätsprofil S3.1: deutlich/undeutlich";"Polaritätsprofil S3.1: energisch/antriebslos";"Polaritätsprofil S3.1: langsam/schnell";"Polaritätsprofil S3.1: eindringlich/zurückhaltend";"Polaritätsprofil S3.1: emotional/rational";"Polaritätsprofil S3.1: aufrichtig/unaufrichtig";"Polaritätsprofil S3.1: alt/jung";"Polaritätsprofil S3.1: modern/traditionell";"Polaritätsprofil S3.1: ruhig/temperamentvoll";"Polaritätsprofil S3.1: wohlklingend/knarrig";"Polaritätsprofil S3.1: angespannt/entspannt";"Polaritätsprofil S3.1: sicherheitsbedacht/abenteuerlustig";"Polaritätsprofil S3.1: zittrig/stabil";"Polaritätsprofil S3.1: weich/hart";"Polaritätsprofil S3.1: behaucht/unbehaucht";"Polaritätsprofil S3.1: gewagt/bodenständig";"Polaritätsprofil S3.1: monoton/abwechslungsreich";"Polaritätsprofil S3.1: einfühlsam/unsensibel";"Polaritätsprofil S3.1: tief/hoch";"Polaritätsprofil S3.1: distanziert/nahbar";"Polaritätsprofil S3.1: beruhigend/aufregend";"Polaritätsprofil S3.2: leise/laut";"Polaritätsprofil S3.2: deutlich/undeutlich";"Polaritätsprofil S3.2: energisch/antriebslos";"Polaritätsprofil S3.2: langsam/schnell";"Polaritätsprofil S3.2: eindringlich/zurückhaltend";"Polaritätsprofil S3.2: emotional/rational";"Polaritätsprofil S3.2: aufrichtig/unaufrichtig";"Polaritätsprofil S3.2: alt/jung";"Polaritätsprofil S3.2: modern/traditionell";"Polaritätsprofil S3.2: ruhig/temperamentvoll";"Polaritätsprofil S3.2: wohlklingend/knarrig";"Polaritätsprofil S3.2: angespannt/entspannt";"Polaritätsprofil S3.2: sicherheitsbedacht/abenteuerlustig";"Polaritätsprofil S3.2: zittrig/stabil";"Polaritätsprofil S3.2: weich/hart";"Polaritätsprofil S3.2: behaucht/unbehaucht";"Polaritätsprofil S3.2: gewagt/bodenständig";"Polaritätsprofil S3.2: monoton/abwechslungsreich";"Polaritätsprofil S3.2: einfühlsam/unsensibel";"Polaritätsprofil S3.2: tief/hoch";"Polaritätsprofil S3.2: distanziert/nahbar";"Polaritätsprofil S3.2: beruhigend/aufregend";"Polaritätsprofil S4.1: leise/laut";"Polaritätsprofil S4.1: deutlich/undeutlich";"Polaritätsprofil S4.1: energisch/antriebslos";"Polaritätsprofil S4.1: langsam/schnell";"Polaritätsprofil S4.1: eindringlich/zurückhaltend";"Polaritätsprofil S4.1: emotional/rational";"Polaritätsprofil S4.1: aufrichtig/unaufrichtig";"Polaritätsprofil S4.1: alt/jung";"Polaritätsprofil S4.1: modern/traditionell";"Polaritätsprofil S4.1: ruhig/temperamentvoll";"Polaritätsprofil S4.1: wohlklingend/knarrig";"Polaritätsprofil S4.1: angespannt/entspannt";"Polaritätsprofil S4.1: sicherheitsbedacht/abenteuerlustig";"Polaritätsprofil S4.1: zittrig/stabil";"Polaritätsprofil S4.1: weich/hart";"Polaritätsprofil S4.1: behaucht/unbehaucht";"Polaritätsprofil S4.1: gewagt/bodenständig";"Polaritätsprofil S4.1: monoton/abwechslungsreich";"Polaritätsprofil S4.1: einfühlsam/unsensibel";"Polaritätsprofil S4.1: tief/hoch";"Polaritätsprofil S4.1: distanziert/nahbar";"Polaritätsprofil S4.1: beruhigend/aufregend";"Polaritätsprofil S4.2: leise/laut";"Polaritätsprofil S4.2: deutlich/undeutlich";"Polaritätsprofil S4.2: energisch/antriebslos";"Polaritätsprofil S4.2: langsam/schnell";"Polaritätsprofil S4.2: eindringlich/zurückhaltend";"Polaritätsprofil S4.2: emotional/rational";"Polaritätsprofil S4.2: aufrichtig/unaufrichtig";"Polaritätsprofil S4.2: alt/jung";"Polaritätsprofil S4.2: modern/traditionell";"Polaritätsprofil S4.2: ruhig/temperamentvoll";"Polaritätsprofil S4.2: wohlklingend/knarrig";"Polaritätsprofil S4.2: angespannt/entspannt";"Polaritätsprofil S4.2: sicherheitsbedacht/abenteuerlustig";"Polaritätsprofil S4.2: zittrig/stabil";"Polaritätsprofil S4.2: weich/hart";"Polaritätsprofil S4.2: behaucht/unbehaucht";"Polaritätsprofil S4.2: gewagt/bodenständig";"Polaritätsprofil S4.2: monoton/abwechslungsreich";"Polaritätsprofil S4.2: einfühlsam/unsensibel";"Polaritätsprofil S4.2: tief/hoch";"Polaritätsprofil S4.2: distanziert/nahbar";"Polaritätsprofil S4.2: beruhigend/aufregend";"Polaritätsprofil S5.1: leise/laut";"Polaritätsprofil S5.1: deutlich/undeutlich";"Polaritätsprofil S5.1: energisch/antriebslos";"Polaritätsprofil S5.1: langsam/schnell";"Polaritätsprofil S5.1: eindringlich/zurückhaltend";"Polaritätsprofil S5.1: emotional/rational";"Polaritätsprofil S5.1: aufrichtig/unaufrichtig";"Polaritätsprofil S5.1: alt/jung";"Polaritätsprofil S5.1: modern/traditionell";"Polaritätsprofil S5.1: ruhig/temperamentvoll";"Polaritätsprofil S5.1: wohlklingend/knarrig";"Polaritätsprofil S5.1: angespannt/entspannt";"Polaritätsprofil S5.1: sicherheitsbedacht/abenteuerlustig";"Polaritätsprofil S5.1: zittrig/stabil";"Polaritätsprofil S5.1: weich/hart";"Polaritätsprofil S5.1: behaucht/unbehaucht";"Polaritätsprofil S5.1: gewagt/bodenständig";"Polaritätsprofil S5.1: monoton/abwechslungsreich";"Polaritätsprofil S5.1: einfühlsam/unsensibel";"Polaritätsprofil S5.1: tief/hoch";"Polaritätsprofil S5.1: distanziert/nahbar";"Polaritätsprofil S5.1: beruhigend/aufregend";"Polaritätsprofil S5.2: leise/laut";"Polaritätsprofil S5.2: deutlich/undeutlich";"Polaritätsprofil S5.2: energisch/antriebslos";"Polaritätsprofil S5.2: langsam/schnell";"Polaritätsprofil S5.2: eindringlich/zurückhaltend";"Polaritätsprofil S5.2: emotional/rational";"Polaritätsprofil S5.2: aufrichtig/unaufrichtig";"Polaritätsprofil S5.2: alt/jung";"Polaritätsprofil S5.2: modern/traditionell";"Polaritätsprofil S5.2: ruhig/temperamentvoll";"Polaritätsprofil S5.2: wohlklingend/knarrig";"Polaritätsprofil S5.2: angespannt/entspannt";"Polaritätsprofil S5.2: sicherheitsbedacht/abenteuerlustig";"Polaritätsprofil S5.2: zittrig/stabil";"Polaritätsprofil S5.2: weich/hart";"Polaritätsprofil S5.2: behaucht/unbehaucht";"Polaritätsprofil S5.2: gewagt/bodenständig";"Polaritätsprofil S5.2: monoton/abwechslungsreich";"Polaritätsprofil S5.2: einfühlsam/unsensibel";"Polaritätsprofil S5.2: tief/hoch";"Polaritätsprofil S5.2: distanziert/nahbar";"Polaritätsprofil S5.2: beruhigend/aufregend";"Polaritätsprofil S6.1: leise/laut";"Polaritätsprofil S6.1: deutlich/undeutlich";"Polaritätsprofil S6.1: energisch/antriebslos";"Polaritätsprofil S6.1: langsam/schnell";"Polaritätsprofil S6.1: eindringlich/zurückhaltend";"Polaritätsprofil S6.1: emotional/rational";"Polaritätsprofil S6.1: aufrichtig/unaufrichtig";"Polaritätsprofil S6.1: alt/jung";"Polaritätsprofil S6.1: modern/traditionell";"Polaritätsprofil S6.1: ruhig/temperamentvoll";"Polaritätsprofil S6.1: wohlklingend/knarrig";"Polaritätsprofil S6.1: angespannt/entspannt";"Polaritätsprofil S6.1: sicherheitsbedacht/abenteuerlustig";"Polaritätsprofil S6.1: zittrig/stabil";"Polaritätsprofil S6.1: weich/hart";"Polaritätsprofil S6.1: behaucht/unbehaucht";"Polaritätsprofil S6.1: gewagt/bodenständig";"Polaritätsprofil S6.1: monoton/abwechslungsreich";"Polaritätsprofil S6.1: einfühlsam/unsensibel";"Polaritätsprofil S6.1: tief/hoch";"Polaritätsprofil S6.1: distanziert/nahbar";"Polaritätsprofil S6.1: beruhigend/aufregend";"Polaritätsprofil S6.2: leise/laut";"Polaritätsprofil S6.2: deutlich/undeutlich";"Polaritätsprofil S6.2: energisch/antriebslos";"Polaritätsprofil S6.2: langsam/schnell";"Polaritätsprofil S6.2: eindringlich/zurückhaltend";"Polaritätsprofil S6.2: emotional/rational";"Polaritätsprofil S6.2: aufrichtig/unaufrichtig";"Polaritätsprofil S6.2: alt/jung";"Polaritätsprofil S6.2: modern/traditionell";"Polaritätsprofil S6.2: ruhig/temperamentvoll";"Polaritätsprofil S6.2: wohlklingend/knarrig";"Polaritätsprofil S6.2: angespannt/entspannt";"Polaritätsprofil S6.2: sicherheitsbedacht/abenteuerlustig";"Polaritätsprofil S6.2: zittrig/stabil";"Polaritätsprofil S6.2: weich/hart";"Polaritätsprofil S6.2: behaucht/unbehaucht";"Polaritätsprofil S6.2: gewagt/bodenständig";"Polaritätsprofil S6.2: monoton/abwechslungsreich";"Polaritätsprofil S6.2: einfühlsam/unsensibel";"Polaritätsprofil S6.2: tief/hoch";"Polaritätsprofil S6.2: distanziert/nahbar";"Polaritätsprofil S6.2: beruhigend/aufregend";"Polaritätsprofil S7.1: leise/laut";"Polaritätsprofil S7.1: deutlich/undeutlich";"Polaritätsprofil S7.1: energisch/antriebslos";"Polaritätsprofil S7.1: langsam/schnell";"Polaritätsprofil S7.1: eindringlich/zurückhaltend";"Polaritätsprofil S7.1: emotional/rational";"Polaritätsprofil S7.1: aufrichtig/unaufrichtig";"Polaritätsprofil S7.1: alt/jung";"Polaritätsprofil S7.1: modern/traditionell";"Polaritätsprofil S7.1: ruhig/temperamentvoll";"Polaritätsprofil S7.1: wohlklingend/knarrig";"Polaritätsprofil S7.1: angespannt/entspannt";"Polaritätsprofil S7.1: sicherheitsbedacht/abenteuerlustig";"Polaritätsprofil S7.1: zittrig/stabil";"Polaritätsprofil S7.1: weich/hart";"Polaritätsprofil S7.1: behaucht/unbehaucht";"Polaritätsprofil S7.1: gewagt/bodenständig";"Polaritätsprofil S7.1: monoton/abwechslungsreich";"Polaritätsprofil S7.1: einfühlsam/unsensibel";"Polaritätsprofil S7.1: tief/hoch";"Polaritätsprofil S7.1: distanziert/nahbar";"Polaritätsprofil S7.1: beruhigend/aufregend";"Polaritätsprofil S7.2: leise/laut";"Polaritätsprofil S7.2: deutlich/undeutlich";"Polaritätsprofil S7.2: energisch/antriebslos";"Polaritätsprofil S7.2: langsam/schnell";"Polaritätsprofil S7.2: eindringlich/zurückhaltend";"Polaritätsprofil S7.2: emotional/rational";"Polaritätsprofil S7.2: aufrichtig/unaufrichtig";"Polaritätsprofil S7.2: alt/jung";"Polaritätsprofil S7.2: modern/traditionell";"Polaritätsprofil S7.2: ruhig/temperamentvoll";"Polaritätsprofil S7.2: wohlklingend/knarrig";"Polaritätsprofil S7.2: angespannt/entspannt";"Polaritätsprofil S7.2: sicherheitsbedacht/abenteuerlustig";"Polaritätsprofil S7.2: zittrig/stabil";"Polaritätsprofil S7.2: weich/hart";"Polaritätsprofil S7.2: behaucht/unbehaucht";"Polaritätsprofil S7.2: gewagt/bodenständig";"Polaritätsprofil S7.2: monoton/abwechslungsreich";"Polaritätsprofil S7.2: einfühlsam/unsensibel";"Polaritätsprofil S7.2: tief/hoch";"Polaritätsprofil S7.2: distanziert/nahbar";"Polaritätsprofil S7.2: beruhigend/aufregend";"Hörbeeinträchtigung";"Vorkenntnisse: Ausweichoption (negativ) oder Anzahl ausgewählter Optionen";"Vorkenntnisse: Fachbezogenes Studium";"Vorkenntnisse: Stimmbildungstraining";"Vorkenntnisse: Schauspiel- und/oder Sprechausbildung";"Vorkenntnisse: Nein, nichts dergleichen";"Geschlecht";"Alter: [01]";"Muttersprache";"Zusatzfrage S1.1";"Zusatzfrage S1.2";"Zusatzfrage S2.1";"Zusatzfrage S2.2";"Zusatzfrage S3.1";"Zusatzfrage S3.2";"Zusatzfrage S4.1";"Zusatzfrage S4.2";"Zusatzfrage S5.1";"Zusatzfrage S5.2";"Zusatzfrage S6.1";"Zusatzfrage S6.2";"Zusatzfrage S7.1";"Zusatzfrage S7.2";"Verweildauer Seite 1";"Verweildauer Seite 2";"Verweildauer Seite 3";"Verweildauer Seite 4";"Verweildauer Seite 5";"Verweildauer Seite 6";"Verweildauer Seite 7";"Verweildauer Seite 8";"Verweildauer Seite 9";"Verweildauer Seite 10";"Verweildauer Seite 11";"Verweildauer Seite 12";"Verweildauer Seite 13";"Verweildauer Seite 14";"Verweildauer Seite 15";"Verweildauer Seite 16";"Verweildauer Seite 17";"Verweildauer gesamt (ohne Ausreißer)";"Versandzeitpunkt der Einladungsmail (nur für nicht-anonyme Adressaten)";"Zeitpunkt als der Datensatz das letzte mal geändert wurde";"Wurde die Befragung abgeschlossen (letzte Seite erreicht)?";"Hat der Teilnehmer den Fragebogen nur angesehen, ohne die Pflichtfragen zu beantworten?";"Seite, die der Teilnehmer zuletzt bearbeitet hat";"Letzte Seite, die im Fragebogen bearbeitet wurde";"Anteil fehlender Antworten in Prozent";"Anteil fehlender Antworten (gewichtet nach Relevanz)";"Ausfüll-Geschwindigkeit (relativ)"
51;;;"VM";"interview";2024-01-05 19:10:12;3;2;2;2;4;5;2;4;3;2;2;3;3;4;2;4;4;4;2;4;2;2;3;2;2;4;2;2;2;5;1;4;2;2;4;3;3;4;2;4;3;5;4;5;4;1;3;2;1;4;1;2;5;1;1;4;1;5;2;4;5;2;2;4;4;1;4;1;2;2;1;2;2;2;5;2;2;3;1;5;3;5;5;3;2;3;3;2;4;2;3;2;3;3;3;2;4;4;3;2;4;2;3;4;2;3;3;2;3;4;2;4;5;3;4;4;4;2;3;2;4;3;3;2;4;4;2;1;5;2;1;3;2;1;4;1;2;3;1;3;4;2;2;4;1;4;2;4;4;3;2;4;3;2;4;4;2;3;2;3;2;2;3;3;2;4;3;4;2;4;4;4;3;4;3;4;2;1;3;1;1;1;1;2;5;1;2;5;1;5;2;4;5;2;2;4;4;1;2;2;1;5;2;3;3;4;2;4;3;2;4;4;4;4;2;4;3;4;3;4;3;4;5;2;3;5;4;2;5;1;4;3;1;3;4;5;5;1;4;1;1;2;4;1;3;2;2;4;3;2;4;2;4;2;2;4;5;4;4;2;4;2;2;3;3;4;4;2;4;3;3;1;5;1;4;4;1;3;3;2;4;2;3;1;3;3;4;4;2;4;2;2;3;3;2;4;4;2;4;3;2;4;2;4;4;4;3;4;2;1;1;1;1;2;2;"36";1;1;2;1;1;2;2;1;2;1;2;1;1;1;2;3;140;64;385;105;84;96;124;93;84;85;95;78;533;72;79;57;1339;;2024-01-05 19:46:29;1;0;17;17;0;0;0,81
53;;;"VM";"interview";2024-01-05 20:07:08;3;1;3;3;5;1;2;5;1;2;1;5;2;5;2;4;5;4;2;4;5;2;4;2;2;5;2;5;4;5;1;4;4;2;4;5;4;5;2;2;5;4;2;4;2;1;3;3;1;2;1;4;4;1;1;3;1;5;1;5;5;5;2;4;4;1;3;1;2;3;1;5;2;3;4;1;1;4;2;5;4;5;5;1;3;2;2;2;2;4;3;4;3;5;4;1;4;1;2;5;1;1;3;2;5;3;2;2;4;2;3;4;4;2;4;4;4;4;2;1;2;4;4;4;3;4;2;4;5;3;2;4;2;3;5;1;5;5;3;4;4;1;2;5;3;5;2;3;4;1;4;4;2;2;3;1;1;4;2;4;4;4;2;2;3;2;4;5;2;5;2;4;5;4;2;4;1;4;3;2;4;2;1;3;3;1;1;5;1;5;1;1;5;2;1;4;5;1;5;1;1;5;2;3;4;5;1;4;4;2;4;5;4;5;2;2;5;4;2;5;2;1;4;2;5;5;1;2;4;1;1;5;1;5;2;4;5;1;4;1;3;1;5;1;1;4;1;5;2;2;2;5;5;1;5;5;4;5;2;4;5;2;2;5;2;4;4;1;5;2;1;1;4;1;1;5;1;3;1;1;4;2;1;3;5;1;5;1;1;5;1;2;2;3;1;5;3;1;5;2;3;5;1;5;4;4;3;5;2;1;1;1;1;2;2;"31";1;1;2;1;1;1;2;2;2;1;2;1;2;1;2;250;16;26;610;170;203;135;302;279;59;195;199;252;148;156;60;55;1150;;2024-01-05 20:59:03;1;0;17;17;0;0;0,58
55;;;"VM";"interview";2024-01-06 23:41:57;3;3;3;4;4;3;3;5;3;2;3;3;1;1;1;1;4;4;2;4;4;3;4;1;2;4;1;3;5;5;2;3;5;1;3;2;4;4;3;4;4;4;3;5;3;1;3;2;2;3;3;4;3;2;2;4;2;4;2;2;5;2;2;2;4;2;3;1;2;4;2;2;4;3;3;4;3;2;3;4;3;3;3;3;3;3;3;3;3;3;4;3;4;2;4;3;3;3;4;2;3;2;3;4;3;2;3;3;3;4;3;1;3;4;2;3;4;3;3;3;4;2;3;3;3;4;3;3;4;3;3;3;3;1;3;2;3;3;3;5;3;3;2;3;3;4;2;2;4;3;3;3;4;2;4;1;2;3;1;2;4;4;2;4;4;2;4;4;3;4;2;4;4;4;2;4;2;1;2;3;4;2;2;4;2;2;2;4;2;4;2;2;4;4;2;3;4;2;4;1;2;5;1;2;4;5;2;5;4;1;4;3;4;5;1;4;5;4;3;5;3;1;4;3;4;3;3;3;3;2;2;4;2;5;2;2;5;1;2;2;4;2;4;3;2;3;1;2;5;3;2;4;5;1;4;2;4;5;1;4;5;3;2;4;2;4;4;3;4;3;3;2;4;2;2;4;2;4;2;2;5;2;2;3;4;2;5;4;2;4;2;2;5;3;3;5;5;2;4;3;4;5;1;4;5;4;2;5;2;1;1;1;1;2;1;"46";1;1;2;1;1;2;2;1;2;1;2;1;2;1;2;11;27;55;170;85;101;81;75;140;102;63;80;110;59;68;77;74;1378;;2024-01-07 00:04:55;1;0;17;17;0;0;0,85
57;;;"VM";"interview";2024-01-06 23:55:51;3;1;2;3;1;4;2;5;2;4;1;5;3;5;2;3;3;4;2;3;4;2;4;2;2;3;2;4;3;4;3;4;2;3;3;4;3;3;3;4;3;4;4;3;3;1;2;2;2;3;2;4;3;2;2;4;3;4;1;3;3;4;2;4;4;2;4;2;2;2;1;2;2;3;3;2;2;4;3;4;2;3;3;4;2;3;4;2;2;2;3;1;2;3;2;4;3;1;2;4;3;4;2;3;3;4;2;2;4;2;4;2;2;3;2;3;2;4;2;3;2;4;3;4;3;3;3;4;3;2;3;3;4;2;2;3;2;4;3;4;3;2;2;4;3;4;3;3;3;4;2;4;4;3;4;2;2;4;1;4;3;4;3;2;3;2;3;4;3;3;3;4;4;4;2;3;3;2;2;2;2;2;2;3;3;2;2;4;3;4;2;3;3;4;2;4;3;2;5;2;1;5;1;4;3;4;4;4;3;1;3;4;5;3;2;4;5;4;1;3;2;2;3;2;3;2;3;2;3;2;2;4;3;4;2;3;3;4;2;2;4;3;5;1;1;5;1;5;3;4;3;4;3;2;3;4;4;3;3;2;4;2;2;4;3;2;3;1;1;1;2;1;3;2;2;4;3;4;3;2;3;4;2;1;4;2;5;1;1;5;1;5;4;3;3;4;4;2;3;4;5;3;3;4;4;3;2;4;1;1;1;1;1;2;1;"75";1;1;2;1;1;1;1;1;2;1;2;1;2;1;2;15;49;47;143;117;101;127;125;117;97;100;103;141;87;94;80;75;1545;;2024-01-07 00:22:49;1;0;17;17;0;0;0,68
58;;;"VM";"interview";2024-01-06 23:56:49;4;3;3;2;3;3;3;4;2;2;4;2;2;3;3;2;4;2;2;3;4;2;3;3;2;4;1;2;5;4;2;4;4;1;5;2;3;4;2;4;5;3;2;3;3;1;2;2;3;2;1;3;3;1;1;4;1;5;3;3;4;3;2;3;4;2;3;1;2;3;1;2;3;2;4;2;3;2;2;4;4;2;4;2;3;2;3;3;3;4;5;2;4;2;3;4;2;2;4;4;2;2;2;2;4;1;3;3;4;2;3;4;3;4;2;3;4;4;2;3;4;1;3;1;2;3;3;1;3;3;3;3;3;2;3;2;2;3;3;4;2;3;3;2;3;4;3;2;5;1;3;3;3;2;3;3;2;3;2;3;3;4;2;4;3;2;4;2;4;3;3;3;4;4;2;3;2;1;3;2;4;1;1;3;3;1;1;5;2;5;1;1;4;3;1;3;5;1;4;4;1;4;1;1;5;4;1;4;4;1;5;3;4;3;2;3;4;4;3;5;3;1;5;1;4;5;2;2;5;1;3;3;1;2;2;3;5;1;2;3;2;2;3;1;2;3;1;4;4;3;3;3;4;1;2;3;5;5;3;1;5;3;1;4;3;2;3;1;4;1;1;1;5;1;1;5;1;5;3;1;5;2;1;2;5;1;4;3;1;4;2;3;3;2;3;4;3;2;4;4;5;4;3;4;3;3;3;4;2;1;1;2;1;1;2;"36";1;1;2;1;1;1;2;1;2;1;2;1;2;1;2;28;16;11;111;65;60;66;72;64;56;64;76;55;64;55;70;54;987;;2024-01-07 00:13:16;1;0;17;17;0;0;1,14
59;;;"VM";"interview";2024-01-07 00:28:21;3;1;3;2;4;3;3;5;2;1;2;5;3;5;1;3;5;3;3;4;3;1;5;2;1;5;1;5;5;5;1;5;4;5;5;3;3;3;1;3;5;5;2;3;2;1;3;1;1;1;1;3;3;1;1;5;3;5;3;3;3;3;2;3;3;1;2;1;1;3;1;5;2;5;5;3;3;5;1;5;5;4;3;4;4;2;2;2;3;1;4;1;4;5;5;1;3;3;1;4;2;5;5;3;3;3;3;1;2;3;3;3;3;2;4;4;4;3;4;1;1;5;1;5;3;3;3;3;2;1;5;1;2;4;5;1;4;5;5;5;4;1;3;4;3;5;1;3;4;2;3;4;3;2;5;1;1;4;2;4;5;5;1;4;3;4;5;5;3;3;3;3;4;4;3;3;3;1;1;3;1;3;3;5;1;1;1;5;3;5;1;3;3;5;2;4;4;3;3;1;1;5;3;2;5;5;1;5;3;5;5;5;3;3;2;4;4;5;1;5;3;1;1;1;3;5;1;3;3;1;1;5;2;5;5;3;5;3;3;1;3;1;5;1;1;5;1;5;5;1;1;5;4;1;5;3;5;3;1;4;5;1;2;3;3;4;5;1;5;5;3;1;4;1;5;5;1;1;3;3;5;1;5;1;1;1;5;5;1;5;1;5;5;1;1;5;5;1;3;1;5;3;1;3;5;1;3;5;2;1;1;1;1;2;2;"70";1;1;2;1;1;2;1;2;1;1;2;1;2;1;2;38;39;8;188;107;68;61;60;63;72;76;76;67;71;61;59;58;1172;;2024-01-07 00:47:53;1;0;17;17;0;0;1
62;;;"VM";"interview";2024-01-07 02:17:50;3;1;2;3;3;3;2;4;1;3;1;5;4;5;1;5;4;3;2;3;4;2;4;2;2;4;2;2;3;4;3;4;4;2;3;4;4;3;3;3;4;4;2;4;1;1;3;3;3;3;2;4;1;1;1;5;3;5;1;2;4;3;2;3;4;1;3;1;2;4;2;2;2;4;2;2;1;5;3;5;2;3;4;3;3;3;4;2;3;4;4;2;4;4;4;2;4;3;5;3;3;1;2;2;3;2;3;3;2;3;3;2;2;4;3;3;3;4;2;3;3;3;3;4;4;4;3;4;2;3;4;2;3;2;3;3;3;4;4;4;4;3;3;4;3;4;2;3;4;2;4;3;2;2;3;2;2;3;2;3;3;4;2;3;3;3;3;4;3;3;4;2;3;3;3;3;2;2;3;3;2;2;2;4;1;1;1;5;3;4;2;2;4;4;2;3;4;2;4;4;2;4;2;2;3;4;3;4;4;2;3;3;4;3;2;4;4;3;4;4;3;2;4;2;3;4;4;4;4;2;3;4;3;5;3;3;4;2;3;2;2;2;5;2;1;3;2;2;4;2;4;4;4;2;3;3;4;5;3;2;4;3;2;4;3;5;3;3;4;3;4;3;4;2;5;3;3;2;3;2;3;3;3;3;3;3;5;4;1;4;2;2;4;3;4;4;5;1;3;2;4;2;3;3;4;4;2;4;2;1;1;1;1;2;2;"48";1;1;2;1;1;1;1;1;1;1;2;1;2;1;2;8;56;4;125;87;62;58;62;69;58;55;55;63;71;62;47;54;996;;2024-01-07 02:34:26;1;0;17;17;0;0;1,25
66;;;"VM";"interview";2024-01-07 12:53:04;;;;;;;;;;;;;;;;;;;;;;;;;;;;;;;;;;;;;;;;;;;;;;;;;;;;;;;;;;;;;;;;;;;;;;;;;;;;;;;;;;;;;;;;;;;;;;;;;;;;;;;;;;;;;;;;;;;;;;;;;;;;;;;;;;;;;;;;;;;;;;;;;;;;;;;;;;;;;;;;;;;;;;;;;;;;;;;;;;;;;;;;;;;;;;;;;;;;;;;;;;;;;;;;;;;;;;;;;;;;;;;;;;;;;;;;;;;;;;;;;;;;;;;;;;;;;;;;;;;;;;;;;;;;;;;;;;;;;;;;;;;;;;;;;;;;;;;;;;;;;;;;;;;;;2;1;2;1;1;1;1;"32";1;;;;;;;;;;;;;;;3;31;972;29;;;;;;;;;;;;;;76;;2024-01-07 13:10:19;0;0;4;4;0;0;1,77
70;;;"VM";"interview";2024-01-07 13:13:00;3;1;2;4;2;4;2;5;1;4;2;3;5;5;2;3;2;4;2;3;4;4;3;4;5;5;2;3;5;5;3;4;5;1;4;1;3;2;3;1;5;5;1;3;2;1;3;2;4;2;1;2;4;1;1;5;1;5;4;2;5;4;1;1;5;1;4;1;1;4;1;5;1;1;5;1;1;5;1;5;5;3;5;2;1;3;5;1;5;2;5;1;5;5;5;2;4;1;5;1;1;1;5;1;3;1;5;1;1;3;5;5;5;5;1;3;5;1;5;3;5;1;3;1;5;1;1;1;5;1;1;3;3;2;4;1;5;5;2;3;3;1;2;4;2;4;4;3;3;4;2;3;3;3;2;3;2;4;3;3;3;4;2;3;3;5;5;5;2;4;3;3;3;3;4;4;3;2;3;1;3;5;1;1;5;4;2;4;1;5;5;2;5;1;4;2;3;2;4;2;1;5;1;1;2;5;1;5;3;1;5;4;5;3;1;5;5;3;5;5;3;1;5;1;5;5;5;1;5;1;5;1;1;1;5;1;5;1;5;1;1;3;5;3;1;5;1;1;5;1;2;5;5;1;3;1;5;1;3;4;5;1;1;3;3;5;5;1;5;5;5;1;5;1;5;1;1;1;5;1;1;1;5;1;1;2;5;4;1;5;1;1;5;5;2;4;5;1;5;1;2;4;1;5;5;5;1;5;2;1;2;1;1;1;1;"33";1;2;2;1;1;1;1;1;1;1;2;1;2;1;2;77;24;23;140;88;87;205;88;91;85;54;66;59;49;63;61;57;1120;;2024-01-07 13:34:58;1;0;17;17;0;0;0,92
72;;;"VM";"interview";2024-01-07 13:25:20;;;;;;;;;;;;;;;;;;;;;;;;;;;;;;;;;;;;;;;;;;;;;;;;;;;;;;;;;;;;;;;;;;;;;;;;;;;;;;;;;;;;;;;;;;;;;;;;;;;;;;;;;;;;;;;;;;;;;;;;;;;;;;;;;;;;;;;;;;;;;;;;;;;;;;;;;;;;;;;;;;;;;;;;;;;;;;;;;;;;;;;;;;;;;;;;;;;;;;;;;;;;;;;;;;;;;;;;;;;;;;;;;;;;;;;;;;;;;;;;;;;;;;;;;;;;;;;;;;;;;;;;;;;;;;;;;;;;;;;;;;;;;;;;;;;;;;;;;;;;;;;;;;;;;3;1;1;1;1;2;1;"35";1;;;;;;;;;;;;;;;7;37;;;;;;;;;;;;;;;;44;;2024-01-07 13:26:04;0;0;2;2;0;0;1,37
74;;;"VM";"interview";2024-01-07 14:03:37;3;2;2;4;2;1;1;4;1;3;1;5;5;5;1;3;3;5;1;4;5;4;4;1;1;4;1;4;3;4;2;4;4;2;5;3;4;5;2;4;4;3;2;4;3;2;2;2;2;1;1;3;3;1;1;5;1;5;3;4;4;2;1;3;4;1;3;4;2;3;2;3;3;3;4;2;3;3;1;4;2;2;5;2;2;3;3;2;3;5;3;3;5;2;3;3;3;2;3;4;3;2;2;4;3;4;2;4;4;3;3;4;2;4;2;3;4;4;2;4;4;2;4;2;3;2;2;4;3;3;3;4;2;2;4;2;4;2;1;4;4;1;1;5;2;4;1;2;4;2;1;3;4;1;3;2;1;4;2;2;2;4;1;4;2;3;5;4;2;4;2;5;2;4;4;2;2;2;3;2;5;2;1;4;3;1;1;5;2;5;1;1;5;2;1;3;5;1;4;4;1;4;1;3;3;4;2;5;4;2;4;3;4;2;1;5;4;4;2;4;2;3;4;3;4;4;3;3;4;2;2;4;2;5;4;4;5;1;2;1;4;1;5;1;1;4;1;5;4;2;4;5;4;1;4;4;5;5;1;4;5;2;1;5;2;5;2;2;3;2;2;2;4;2;3;4;3;2;2;4;4;2;2;3;4;1;4;5;1;4;2;2;4;2;3;4;4;3;4;2;3;4;2;5;3;4;3;4;2;1;1;1;1;2;2;"33";1;1;2;1;1;1;2;1;1;1;2;1;2;1;2;24;32;12;155;89;118;107;92;84;77;86;134;143;74;89;135;105;1412;;2024-01-07 14:29:33;1;0;17;17;0;0;0,75
77;;;"VM";"interview";2024-01-07 14:52:02;;;;;;;;;;;;;;;;;;;;;;;;;;;;;;;;;;;;;;;;;;;;;;;;;;;;;;;;;;;;;;;;;;;;;;;;;;;;;;;;;;;;;;;;;;;;;;;;;;;;;;;;;;;;;;;;;;;;;;;;;;;;;;;;;;;;;;;;;;;;;;;;;;;;;;;;;;;;;;;;;;;;;;;;;;;;;;;;;;;;;;;;;;;;;;;;;;;;;;;;;;;;;;;;;;;;;;;;;;;;;;;;;;;;;;;;;;;;;;;;;;;;;;;;;;;;;;;;;;;;;;;;;;;;;;;;;;;;;;;;;;;;;;;;;;;;;;;;;;;;;;;;;;;;;2;1;1;1;1;2;2;"55";1;;;;;;;;;;;;;;;27;45;166965;;;;;;;;;;;;;;;85;;2024-01-09 13:15:59;0;0;3;3;0;0;0,4
80;;;"VM";"interview";2024-01-07 16:34:34;5;1;2;3;2;2;2;5;2;3;1;4;4;5;2;5;4;4;2;4;4;4;4;2;2;4;2;2;4;5;1;5;4;1;5;3;5;5;1;4;5;5;1;5;1;2;4;2;4;4;2;3;5;1;1;5;2;4;2;2;5;3;1;3;5;1;3;2;3;2;2;4;3;3;3;3;3;4;2;3;3;2;3;2;3;3;3;2;2;4;5;1;4;4;5;2;4;1;3;5;1;1;2;3;4;1;5;3;1;4;2;3;4;3;4;5;4;3;2;2;4;2;3;3;4;4;2;2;4;2;2;3;3;3;4;2;4;4;4;4;4;2;3;2;4;2;4;4;3;2;4;3;2;3;3;2;4;2;3;4;3;3;4;2;3;3;2;4;3;3;4;2;3;3;2;3;3;1;2;1;1;1;1;3;5;1;1;5;1;5;1;1;5;4;1;2;5;1;4;1;2;4;1;2;2;4;2;4;2;2;3;3;3;3;2;4;3;3;4;5;3;2;4;2;2;3;3;2;4;2;4;4;2;4;4;2;4;2;3;2;2;2;4;4;2;2;2;1;4;3;2;4;5;2;5;4;5;5;1;4;5;4;1;3;2;2;4;1;2;4;2;1;5;1;4;5;1;5;4;1;5;1;2;1;5;1;4;3;2;2;2;1;4;4;2;4;5;1;4;3;3;4;1;4;4;3;3;5;3;1;1;1;1;2;1;"35";1;1;2;1;1;2;2;2;2;1;2;1;2;1;2;14;17;1;135;84;127;75;97;97;158;66;80;74;297;78;62;112;1186;;2024-01-07 17:00:48;1;0;17;17;0;0;0,99
82;;;"VM";"interview";2024-01-07 16:56:57;4;2;2;3;2;3;2;4;1;2;2;4;3;5;1;4;4;4;2;4;4;3;5;2;2;4;2;2;3;4;2;4;4;2;4;3;4;2;2;4;4;3;3;4;3;2;4;2;2;3;2;3;2;2;2;4;2;4;2;4;4;2;2;2;4;2;3;2;2;3;1;2;2;3;2;3;3;2;2;4;3;3;4;3;2;2;4;2;3;4;4;2;3;4;4;3;3;2;4;3;2;3;2;1;4;2;3;1;3;3;3;4;3;3;3;3;3;3;3;2;4;3;2;3;2;1;3;1;4;3;2;4;4;3;2;1;2;3;3;3;3;2;3;4;2;4;3;2;4;2;3;4;2;3;5;1;2;3;2;2;3;4;2;4;3;2;3;4;3;3;2;3;3;3;3;3;3;2;3;2;1;1;2;4;2;2;2;4;2;4;2;2;4;4;2;4;4;2;5;2;1;5;1;1;3;4;3;5;4;2;5;3;4;4;2;3;5;4;3;4;2;3;4;2;4;4;2;3;4;2;3;4;2;4;2;3;4;1;3;2;2;2;5;2;1;4;1;3;4;3;3;4;4;2;4;3;4;4;2;4;4;3;2;4;4;2;3;2;3;4;3;2;4;2;5;4;2;4;3;2;4;2;4;2;2;3;5;3;1;4;1;4;3;2;4;5;5;1;5;3;5;4;1;3;5;4;1;5;2;1;1;1;1;2;2;"33";1;1;2;1;1;1;1;1;2;1;2;1;2;1;2;7;23;1292;91;65;83;69;77;64;61;87;89;79;59;75;56;64;1062;;2024-01-07 17:35:58;1;0;17;17;0;0;1,04
86;;;"VM";"interview";2024-01-07 21:59:01;3;2;2;4;2;2;2;4;2;3;2;4;3;4;2;2;3;5;2;3;4;3;4;2;2;4;1;3;3;4;3;4;4;2;3;4;5;2;2;3;4;4;3;4;2;1;2;4;2;3;2;3;2;2;2;5;2;5;2;2;4;4;2;4;4;2;3;2;2;4;1;3;3;4;3;4;5;2;4;4;5;4;2;3;4;3;2;5;2;4;4;3;5;3;2;3;5;3;2;4;1;3;2;2;4;4;1;3;4;2;3;4;2;4;1;3;2;3;3;4;4;2;3;3;4;3;3;3;2;3;3;3;3;2;2;3;2;2;2;4;3;3;2;4;2;4;2;3;5;4;2;3;4;2;4;2;1;4;1;1;2;4;2;5;2;4;4;4;4;2;2;4;2;4;4;4;2;2;2;3;3;2;2;4;2;2;2;4;3;4;3;3;4;4;2;4;4;2;5;2;1;5;1;2;3;4;3;5;4;2;5;4;5;3;1;4;4;3;3;5;3;2;5;4;3;4;3;3;4;3;3;3;3;4;4;4;3;1;3;2;3;4;5;5;1;3;2;1;3;3;3;5;4;2;4;4;5;3;1;4;5;2;2;5;3;5;3;1;4;3;4;2;4;2;4;3;2;2;4;1;5;3;3;2;2;4;5;4;1;4;1;2;2;4;2;5;4;1;5;3;5;3;1;4;4;4;3;5;2;1;1;2;1;1;2;"31";1;1;2;1;2;1;1;1;2;1;2;1;2;1;2;33;31;37;127;64;74;83;70;64;65;63;96;64;56;62;54;56;1099;;2024-01-07 22:17:20;1;0;17;17;0;0;0,98
89;;;"VM";"interview";2024-01-08 09:23:33;2;1;3;3;4;2;2;5;1;2;2;3;2;4;1;2;3;3;2;4;4;2;4;3;2;4;3;2;4;3;2;4;5;1;4;2;4;5;3;2;4;3;1;3;2;1;3;1;1;1;1;2;3;1;1;5;1;5;1;1;5;3;1;2;5;1;2;1;2;3;2;2;2;3;4;2;2;4;2;4;2;3;4;4;2;2;4;2;3;5;5;1;5;4;5;3;3;1;5;2;3;1;3;2;3;1;3;3;2;3;4;5;2;5;3;5;5;4;2;4;4;1;4;2;4;5;2;2;5;3;1;3;1;3;5;1;5;5;5;5;3;1;5;2;3;2;2;5;3;1;4;4;1;3;4;2;3;3;2;2;3;4;3;2;3;3;3;3;3;3;3;2;3;3;3;3;2;1;2;1;5;1;1;4;5;1;1;5;1;5;1;1;5;5;1;2;5;1;4;3;1;4;2;2;4;5;2;5;3;1;4;3;4;4;2;4;4;4;3;4;1;3;5;2;5;5;4;2;5;1;3;2;2;3;3;5;5;2;3;2;1;3;5;3;1;4;3;2;5;4;2;5;4;1;3;2;5;5;3;1;5;3;1;3;2;5;5;1;5;5;3;2;5;1;5;4;2;3;2;3;3;2;3;2;3;2;4;1;1;4;1;3;2;3;2;5;3;2;5;5;3;5;1;5;3;4;4;4;2;1;1;1;1;2;2;"37";1;1;2;1;1;1;2;1;1;1;2;1;2;1;2;13;13;18;11494;70;61;64;70;63;48;62;126;48;56;46;51;35;971;;2024-01-08 12:49:12;1;0;17;17;0;0;1,18
95;;;"VM";"interview";2024-01-08 18:28:25;3;1;1;3;2;2;2;5;2;4;1;4;3;4;2;3;4;5;2;3;4;3;4;4;4;4;3;4;4;3;3;3;4;3;2;3;4;3;3;2;4;3;2;3;3;1;1;3;2;1;1;5;1;1;1;5;3;5;1;1;5;5;1;3;5;1;3;3;4;3;3;4;4;1;4;3;4;2;3;4;4;3;3;2;4;3;2;3;3;1;5;3;3;5;5;1;5;3;5;1;3;2;5;5;3;1;5;1;2;5;3;3;4;3;4;4;4;3;3;3;4;2;2;4;4;4;4;2;4;4;2;4;3;2;3;3;2;2;2;4;2;3;2;2;3;4;2;2;3;4;2;3;2;2;3;1;4;3;3;4;4;4;3;3;4;2;3;4;4;3;4;3;3;3;3;4;3;1;1;3;2;1;1;5;1;4;1;5;3;5;1;2;5;5;1;3;5;1;3;1;4;4;2;4;4;3;4;3;3;3;3;4;3;3;4;2;4;3;2;3;3;2;5;3;3;5;5;1;3;3;5;1;3;3;5;5;5;1;5;3;1;3;4;2;2;3;2;4;4;3;3;3;5;1;1;5;5;5;5;1;5;1;1;5;3;2;3;3;3;3;3;3;3;2;2;4;3;4;2;2;4;4;2;3;4;2;5;4;5;5;3;5;5;1;5;3;5;2;3;4;5;5;4;1;5;3;1;5;2;1;1;1;1;2;2;"42";1;2;2;1;2;2;2;1;2;1;2;2;2;1;2;36;23;16;95;84;70;51;81;53;46;50;53;60;49;50;43;42;902;;2024-01-08 18:43:27;1;0;17;17;0;0;1,21
96;;;"VM";"interview";2024-01-08 18:35:51;3;2;2;4;2;2;3;4;1;4;1;4;4;5;2;4;3;5;2;3;4;4;4;4;2;4;2;2;4;4;2;4;3;2;4;5;5;2;2;2;5;4;2;4;3;2;2;2;2;1;1;4;2;3;1;4;2;4;1;2;4;2;1;3;4;2;2;4;3;3;4;4;2;2;4;2;2;5;2;5;2;3;4;3;2;2;3;1;2;4;5;2;5;3;3;4;3;1;5;2;1;2;4;3;5;4;2;1;3;2;3;5;4;3;2;4;4;3;4;2;3;2;3;2;4;5;4;1;4;2;1;3;1;3;4;1;4;1;2;4;2;2;2;5;3;4;1;3;4;3;1;4;4;1;4;4;2;3;2;2;4;4;2;4;2;3;4;4;2;3;2;4;3;4;2;4;2;1;2;2;2;1;1;4;2;3;1;5;2;4;1;2;4;4;1;4;5;1;4;4;1;5;1;3;5;4;3;5;4;2;4;4;4;4;2;3;4;3;2;4;2;2;4;2;5;5;1;2;5;1;3;5;1;5;2;5;5;2;4;1;2;2;3;1;1;3;1;3;4;2;4;3;3;2;3;5;5;4;4;1;4;2;2;3;1;5;4;1;5;3;1;1;5;2;4;5;1;3;1;2;5;2;1;2;3;1;4;4;1;5;1;2;5;3;1;5;4;2;5;3;5;5;1;3;5;3;1;4;2;1;1;2;1;1;1;"36";1;1;2;1;1;1;2;1;2;1;2;1;2;1;2;25;31;10;125;72;90;67;72;87;60;81;93;80;74;82;75;91;1215;;2024-01-08 18:56:06;1;0;17;17;0;0;0,92
100;;;"VM";"interview";2024-01-08 19:51:13;4;3;1;4;1;5;5;5;2;4;4;3;4;4;2;5;3;3;3;4;4;4;5;3;1;4;1;5;5;4;3;4;4;1;3;4;4;5;1;2;5;4;1;5;2;2;3;3;4;2;2;4;3;3;2;4;2;4;1;2;4;3;2;3;4;2;4;4;2;3;3;3;4;1;4;3;4;2;2;3;4;4;4;3;4;4;3;5;3;3;5;1;3;4;3;2;4;4;4;3;3;4;3;4;3;4;1;4;3;4;4;4;1;4;2;3;3;4;3;4;4;2;4;2;4;2;3;3;3;3;3;4;3;2;3;3;3;2;2;4;1;1;1;4;2;4;2;3;2;4;2;4;4;4;4;4;2;4;3;2;4;5;1;5;2;5;5;4;2;5;2;4;3;4;5;5;3;1;3;3;4;2;1;4;1;1;1;5;1;4;1;3;5;4;1;4;5;2;5;4;1;5;1;3;5;3;3;5;5;1;3;3;5;5;1;3;5;4;1;5;3;4;4;4;5;5;3;1;5;3;4;2;1;3;4;5;5;1;5;3;2;2;5;4;1;5;1;3;5;3;3;5;4;1;5;5;5;3;2;3;5;3;3;4;4;5;2;4;2;4;4;1;5;3;5;1;2;2;4;1;4;1;3;3;2;4;4;3;1;5;1;5;5;5;2;5;4;2;5;4;4;2;1;4;2;4;4;5;2;1;1;2;1;1;2;"35";1;2;2;1;2;1;2;1;2;1;2;1;2;1;2;25;33;45;133;79;104;92;79;80;60;131;63;85;60;154;51;53;1237;;2024-01-08 20:13:20;1;0;17;17;0;0;0,86
101;;;"VM";"interview";2024-01-08 20:12:11;3;1;2;3;1;5;2;5;2;4;3;4;2;5;3;5;4;3;2;4;4;3;4;2;1;3;1;5;3;5;2;4;4;2;4;2;4;5;2;3;4;4;1;4;2;2;2;2;2;2;1;2;3;2;1;3;2;5;1;3;5;3;2;3;4;1;2;1;1;1;1;3;3;2;4;2;1;4;1;5;2;2;5;1;1;2;3;1;2;3;5;2;4;3;5;2;2;1;3;3;1;3;2;4;4;1;1;2;1;3;2;3;3;3;4;4;3;2;3;2;3;2;2;3;2;2;3;1;3;2;2;3;2;2;2;2;2;2;2;3;3;2;1;4;2;4;2;1;3;2;2;2;3;2;3;1;3;2;1;4;2;2;4;2;2;3;1;4;3;3;5;1;2;2;3;2;2;1;2;2;4;1;1;2;5;1;1;5;1;5;1;1;5;2;1;2;5;1;4;3;1;5;1;4;3;3;3;4;4;2;3;2;4;5;4;3;4;4;2;5;1;1;4;1;3;4;2;2;4;1;2;4;1;5;1;1;5;1;1;1;2;1;4;2;1;3;1;5;4;2;5;3;4;2;4;5;4;5;5;2;4;3;1;4;1;1;4;1;4;4;2;1;4;1;1;4;1;5;1;1;5;1;2;1;5;1;4;3;1;3;1;5;5;2;3;4;5;1;3;1;4;5;1;4;4;4;1;4;2;1;1;1;1;2;1;"54";1;1;2;1;1;1;2;1;1;1;2;1;2;1;2;123;58;22;287;249;113;90;136;104;80;225;105;82;98;138;71;75;1551;;2024-01-08 20:46:27;1;0;17;17;0;0;0,6
107;;;"VM";"interview";2024-01-09 15:44:09;;;;;;;;;;;;;;;;;;;;;;;;;;;;;;;;;;;;;;;;;;;;;;;;;;;;;;;;;;;;;;;;;;;;;;;;;;;;;;;;;;;;;;;;;;;;;;;;;;;;;;;;;;;;;;;;;;;;;;;;;;;;;;;;;;;;;;;;;;;;;;;;;;;;;;;;;;;;;;;;;;;;;;;;;;;;;;;;;;;;;;;;;;;;;;;;;;;;;;;;;;;;;;;;;;;;;;;;;;;;;;;;;;;;;;;;;;;;;;;;;;;;;;;;;;;;;;;;;;;;;;;;;;;;;;;;;;;;;;;;;;;;;;;;;;;;;;;;;;;;;;;;;;;;;2;1;1;1;1;2;3;"1";1;;;;;;;;;;;;;;;2;22;1;;;;;;;;;;;;;;;25;;2024-01-09 15:44:34;0;0;3;3;0;0;2,5
108;;;"VM";"interview";2024-01-09 21:01:28;4;2;2;4;3;2;2;5;4;3;1;4;3;4;2;3;5;4;2;4;4;1;4;4;1;3;1;3;3;4;2;4;5;1;4;1;4;3;1;1;3;3;2;4;5;1;1;2;1;4;1;3;5;1;1;3;1;5;2;3;5;2;4;4;2;1;4;1;1;2;1;4;1;3;4;2;2;3;2;5;2;3;5;3;3;3;3;1;3;4;4;3;3;2;2;4;2;3;2;5;4;2;3;2;2;2;1;2;4;2;2;4;3;3;4;1;2;2;2;4;2;4;4;3;3;3;2;2;2;2;5;2;3;2;2;1;2;4;2;4;3;1;2;3;1;5;2;3;5;1;3;4;2;1;4;4;2;3;2;2;4;4;2;4;2;2;4;3;2;2;2;3;3;4;2;4;3;4;2;2;1;5;1;2;4;2;2;3;2;4;3;3;4;2;2;4;2;2;4;4;1;5;2;2;2;5;2;4;2;2;4;4;2;3;2;3;3;3;2;4;3;1;3;1;3;5;1;2;5;1;1;2;1;5;2;3;5;1;3;2;2;1;4;1;1;2;1;4;1;2;5;1;1;3;1;5;4;3;5;2;3;2;3;1;3;5;2;1;2;3;2;2;3;1;3;5;3;4;3;3;3;4;2;2;5;1;5;5;1;4;1;2;4;2;2;4;4;2;4;3;3;3;2;4;2;2;4;4;2;2;2;1;1;2;2;"33";1;1;2;1;1;1;1;1;1;1;2;1;1;1;1;2;48;6;87;67;78;58;86;67;94;90;63;85;68;87;83;59;1128;;2024-01-09 21:20:17;1;0;17;17;0;0;1,16
109;;;"VM";"interview";2024-01-09 21:51:03;3;1;2;4;3;2;2;4;3;3;2;4;3;4;2;3;3;3;2;4;4;3;4;2;2;4;2;4;2;4;2;3;2;4;4;4;2;3;2;4;3;4;4;4;3;2;2;3;2;2;2;3;2;3;2;4;3;4;3;3;3;4;2;3;3;3;3;2;4;2;3;3;3;3;3;2;3;3;2;3;2;3;3;2;3;2;3;2;2;2;5;2;4;2;4;2;3;3;3;5;2;2;2;2;4;2;2;2;2;2;3;3;3;3;4;4;3;3;3;3;3;4;2;3;3;3;5;2;3;2;2;3;2;2;3;3;3;4;4;3;3;2;3;4;3;4;2;3;4;3;3;3;4;4;3;2;2;4;3;3;5;3;3;4;4;2;3;4;3;3;3;3;3;3;2;3;2;2;2;3;2;2;2;3;2;2;2;5;3;5;1;3;5;4;1;4;5;1;4;2;1;5;2;3;3;4;2;4;4;1;3;3;4;4;2;3;4;3;3;5;3;3;4;2;4;4;4;3;4;2;3;3;3;2;3;3;4;1;4;2;2;3;4;3;1;4;1;5;4;3;4;4;5;2;4;3;5;4;1;3;5;3;2;4;2;4;2;3;3;2;4;2;3;2;2;5;2;4;1;2;5;4;1;3;4;1;4;4;2;4;2;2;3;5;2;4;4;2;3;4;3;3;2;4;3;4;3;4;2;1;1;1;1;2;1;"34";1;1;2;1;1;1;1;2;2;1;2;1;2;2;2;13;15;7;115;54;49;58;61;66;48;68;64;49;56;47;48;54;872;;2024-01-09 22:05:35;1;0;17;17;0;0;1,34
110;;;"VM";"interview";2024-01-09 23:25:36;3;4;3;3;4;3;2;4;2;2;1;5;2;5;1;2;4;3;2;4;4;2;4;2;2;3;2;4;4;4;3;3;4;2;4;4;4;4;3;4;3;4;2;4;3;2;3;3;3;3;2;3;3;2;2;4;2;5;2;3;5;3;2;3;4;2;4;1;2;3;1;2;3;3;2;4;2;3;3;5;2;3;3;4;3;4;3;3;2;4;4;2;4;4;4;4;3;2;4;2;3;2;4;5;4;2;3;3;3;3;4;4;2;4;3;3;3;4;3;3;4;2;3;4;3;4;2;4;3;3;3;4;4;2;4;3;4;4;3;4;3;2;3;4;2;5;2;4;4;3;3;3;3;2;4;2;1;3;1;3;4;4;3;4;2;2;4;5;3;5;2;4;3;4;3;4;3;2;3;3;2;1;2;3;3;2;1;4;2;5;1;2;4;3;2;4;4;2;4;2;1;4;1;3;4;4;2;5;3;2;4;4;2;3;2;4;3;4;4;3;3;3;4;1;4;5;3;3;3;2;3;5;1;5;3;5;5;1;3;2;2;2;5;1;1;3;1;2;4;3;3;4;5;2;4;5;5;5;2;4;3;2;3;4;4;2;3;2;2;2;2;2;3;2;1;4;2;5;2;4;4;3;2;2;4;2;5;1;1;4;2;3;4;4;2;4;4;1;4;4;5;5;2;4;4;4;3;5;2;1;1;1;1;2;2;"37";1;1;2;1;1;1;2;1;2;1;2;1;2;1;2;20;22;9;96;79;76;67;45;60;55;68;60;56;54;53;61;53;934;;2024-01-09 23:41:11;1;0;17;17;0;0;1,19
114;;;"VM";"interview";2024-01-10 00:41:22;5;1;1;4;1;5;3;5;1;3;4;2;4;4;5;3;2;3;5;3;4;4;5;1;1;4;1;5;3;4;2;3;4;2;4;5;5;4;3;3;4;2;3;4;3;1;3;3;4;1;2;5;1;1;2;5;3;5;1;2;5;3;2;4;5;2;5;1;1;3;3;3;2;3;2;2;2;4;2;4;3;3;4;3;2;2;4;2;3;1;3;3;2;2;3;3;4;1;3;3;1;5;4;4;4;2;4;2;4;3;4;2;2;2;3;2;3;3;2;2;5;1;3;3;5;2;3;3;4;1;2;2;2;3;4;2;4;2;3;2;2;2;2;4;3;3;1;1;3;3;2;4;4;2;3;3;3;4;3;3;3;3;3;3;3;3;3;4;4;3;3;3;4;2;2;3;3;3;3;3;3;3;2;4;3;1;1;4;3;5;1;1;3;3;1;3;5;1;5;1;1;5;1;2;4;5;1;5;5;1;4;5;5;2;1;2;5;3;5;5;4;1;2;2;2;2;2;3;4;1;2;4;1;5;3;3;4;4;2;2;4;4;5;1;1;4;1;1;4;3;2;5;5;1;3;5;5;5;1;3;5;2;2;3;3;5;4;1;4;3;3;2;4;2;4;2;2;4;4;4;4;2;4;1;2;3;5;1;1;5;1;5;4;3;3;5;4;1;5;5;5;5;2;4;4;1;3;4;2;1;1;1;1;2;2;"67";1;2;2;1;1;2;2;1;2;1;2;1;2;1;2;32;61;51;177;124;129;223;86;94;86;116;80;111;85;98;92;79;1573;;2024-01-10 01:10:06;1;0;17;17;0;0;0,64
169;;;"VM";"interview";2024-01-11 16:33:13;2;3;3;3;3;4;4;4;2;3;4;2;2;2;2;3;3;3;3;4;2;3;4;4;2;4;2;4;4;3;3;2;5;2;3;4;4;5;3;2;5;3;2;4;2;2;4;2;2;2;1;2;2;1;1;5;4;5;2;3;2;4;1;2;4;1;4;4;2;4;2;4;4;2;3;3;4;1;2;4;3;5;3;3;4;3;2;4;2;4;5;3;5;2;3;2;5;3;5;4;2;2;2;2;4;1;2;2;3;2;3;4;3;3;4;4;4;2;4;3;4;2;3;4;4;3;3;1;4;2;2;4;3;2;3;3;3;3;3;3;4;2;3;3;3;4;2;3;3;1;3;4;2;3;4;4;2;3;2;4;4;2;2;4;3;2;3;5;4;4;3;3;4;4;2;3;3;1;2;3;2;1;1;3;1;1;1;4;4;4;2;2;3;5;2;3;5;1;4;2;2;3;2;3;4;3;2;4;4;1;2;4;3;4;3;3;4;4;3;4;2;4;4;2;3;4;3;2;4;1;2;3;1;4;3;2;4;2;4;2;2;2;5;1;1;3;1;5;5;2;5;4;4;1;3;5;5;5;3;2;5;2;1;5;2;5;4;2;4;2;3;3;5;1;3;4;1;4;2;2;4;2;2;3;4;3;5;4;1;5;1;3;3;1;5;3;5;1;4;5;5;5;3;3;5;3;1;4;2;1;1;1;1;2;1;"29";1;1;2;1;2;1;1;2;1;1;2;1;2;1;2;3;23;1;89;69;77;79;102;63;62;56;65;63;57;58;67;46;980;;2024-01-11 16:49:33;1;0;17;17;0;0;1,35
171;;;"VM";"interview";2024-01-11 16:34:53;4;1;2;3;2;3;3;5;2;3;1;4;3;5;2;3;4;3;3;4;2;2;;;;;;;;;;;;;;;;;;;;;;;;;;;;;;;;;;;;;;;;;;;;;4;3;3;3;1;4;4;2;4;3;4;2;2;3;3;3;5;2;4;2;3;3;;;;;;;;;;;;;;;;;;;;;;;;;;;;;;;;;;;;;;;;;;;;;;;;;;;;;;;;;;;;;;;;;;;;;;;;;;;;;;;;;;;;;;;;;;;;;;;;;;;;;;;;;;;;;;;5;2;2;4;1;2;1;5;1;4;1;4;5;4;2;3;2;4;2;4;4;2;2;3;5;1;4;4;4;4;3;1;2;5;1;5;3;3;5;2;3;1;4;1;;;;;;;;;;;;;;;;;;;;;;;;;;;;;;;;;;;;;;;;;;;;;;;;;;;;;;;;;;;;;;;;;;;2;1;1;1;1;2;1;"26";1;1;;;1;;;;;;2;1;;;;12;46;7;127;86;82;64;;;;;;;;;;;424;;2024-01-11 16:41:57;0;0;7;7;0;0;1,11
172;;;"VM";"interview";2024-01-11 16:39:02;4;1;3;3;4;2;3;4;4;2;2;3;2;3;2;2;4;2;2;4;2;3;4;2;3;3;2;4;4;4;4;3;4;1;3;3;5;5;2;1;4;3;1;4;3;3;3;3;3;2;1;3;4;1;1;4;2;3;2;2;5;3;1;3;4;1;4;2;2;5;2;3;2;3;4;4;4;2;2;4;4;4;4;2;3;2;4;3;3;3;4;3;4;4;3;2;4;2;3;3;1;3;3;3;4;2;3;2;3;3;3;3;3;3;3;3;4;2;4;2;4;2;2;3;4;4;4;1;3;2;2;3;3;3;4;2;3;3;3;2;4;2;3;3;2;3;2;2;3;2;2;3;2;1;4;2;2;3;2;2;4;3;4;4;3;2;4;3;4;4;2;4;3;3;4;4;3;1;3;2;2;2;1;3;3;2;1;5;1;3;2;2;5;3;1;2;5;1;5;1;1;5;1;1;3;4;1;5;4;1;5;3;4;5;1;5;4;3;3;5;3;1;3;3;3;4;2;2;4;1;1;5;1;5;2;5;5;2;1;1;5;1;3;3;1;3;1;3;4;3;2;4;5;1;5;5;5;3;2;2;5;1;2;4;3;4;3;2;4;2;2;1;5;1;1;5;1;5;1;3;5;3;2;2;5;1;5;1;1;3;2;2;3;2;4;5;3;2;4;3;4;3;2;4;3;2;4;4;2;1;1;1;2;1;2;"30";1;1;2;1;2;1;1;1;2;1;2;1;2;1;2;1;57;1;93;48;61;41;55;53;46;62;55;41;41;36;44;37;772;;2024-01-11 16:51:54;1;0;17;17;0;0;1,61
176;;;"VM";"interview";2024-01-11 17:37:28;4;2;3;2;3;2;4;5;1;2;2;4;2;4;3;4;4;4;2;3;3;3;5;1;1;5;1;4;5;4;3;4;4;1;4;3;5;5;2;2;5;4;2;4;2;2;3;2;2;3;1;3;3;1;1;5;1;4;2;4;4;2;1;3;5;1;4;2;3;3;3;4;4;3;3;4;3;1;3;3;4;4;2;3;3;2;2;4;2;4;4;2;4;2;2;3;3;2;4;3;2;2;2;2;4;3;1;3;4;2;4;3;3;2;4;2;3;4;2;2;4;4;3;1;2;5;4;2;3;4;4;2;2;2;4;1;4;4;4;4;2;2;3;5;2;4;1;1;4;2;2;4;4;1;4;2;2;3;2;4;3;4;4;4;3;3;4;4;4;1;3;4;2;3;5;3;2;2;3;2;2;2;2;3;3;2;1;5;2;4;2;1;4;3;1;4;4;2;4;2;1;5;2;2;3;4;2;5;3;1;5;5;4;5;2;4;4;4;2;4;2;3;5;1;5;5;2;2;4;1;3;3;1;4;2;2;4;3;2;2;4;2;4;4;1;5;1;1;5;5;1;5;4;1;5;4;5;5;1;4;5;4;1;5;3;5;4;2;3;2;2;2;5;1;2;5;1;3;2;5;5;2;1;1;4;1;4;1;1;5;1;1;1;4;1;5;3;1;5;4;4;5;1;4;2;4;4;5;2;1;1;1;2;1;2;"25";1;1;2;1;2;1;1;1;2;1;2;1;2;1;2;15;29;12;115;73;75;81;100;73;72;86;92;74;54;65;58;52;1126;;2024-01-11 17:56:15;1;0;17;17;0;0;0,99
177;;;"VM";"interview";2024-01-11 19:46:33;2;3;5;2;4;4;4;5;4;1;2;4;1;2;2;2;4;2;2;4;4;2;5;1;2;4;1;2;4;5;1;5;4;2;5;5;5;4;1;4;4;2;2;5;2;1;2;2;1;4;2;2;4;4;2;2;2;4;2;1;4;5;2;2;4;2;4;2;4;4;2;4;2;2;2;4;2;4;2;4;5;4;2;4;2;2;4;2;1;4;5;1;4;1;4;2;4;1;1;5;2;2;1;2;5;2;1;2;4;1;4;5;4;2;2;2;2;2;4;2;5;2;3;2;2;2;4;2;2;4;4;2;1;1;2;2;1;4;1;5;5;1;2;4;1;5;2;5;4;4;4;4;2;2;4;1;2;4;2;2;4;4;2;4;2;2;5;4;4;4;2;5;4;4;4;4;1;1;2;1;1;4;1;2;4;1;1;4;1;5;2;1;4;5;1;4;5;2;5;1;1;4;2;2;4;5;2;4;3;2;3;2;4;4;2;4;3;4;2;5;1;4;5;2;4;4;2;2;5;2;2;5;2;2;1;4;5;2;2;2;3;2;5;1;1;2;1;1;4;4;1;4;5;2;4;2;5;5;1;4;4;2;2;5;1;1;4;1;1;1;2;1;5;1;1;4;2;5;1;1;4;5;1;1;5;2;5;1;1;2;2;4;5;2;2;5;5;2;4;2;4;5;1;4;4;5;4;4;2;1;2;1;1;1;2;"30";1;1;2;1;1;1;1;1;2;1;2;1;2;1;2;3;60;46;156;86;94;76;77;79;62;83;66;55;54;60;66;76;1199;;2024-01-11 20:06:33;1;0;17;17;0;0;1,03
178;;;"VM";"interview";2024-01-11 20:40:20;3;3;3;3;4;3;4;4;3;3;3;4;3;3;2;2;3;3;3;4;3;3;;;;;;;;;;;;;;;;;;;;;;;;;;;;;;;;;;;;;;;;;;;;;4;1;3;3;1;3;3;2;4;3;3;2;3;4;4;4;2;3;3;3;3;4;;;;;;;;;;;;;;;;;;;;;;;;;;;;;;;;;;;;;;;;;;;;;;;;;;;;;;;;;;;;;;;;;;;4;3;3;4;3;3;3;3;3;4;3;3;3;4;3;3;3;3;3;3;3;3;;;;;;;;;;;;;;;;;;;;;;;4;3;1;5;1;3;4;2;4;4;4;1;3;3;4;5;3;3;4;3;3;5;3;2;5;2;3;3;4;1;4;2;2;4;3;4;2;3;5;3;3;1;3;2;;;;;;;;;;;;;;;;;;;;;;;;;;;;;;;;;;;;;;;;;;;;;;;;;;;;;;;;;;;;;;;;;;;2;1;1;1;1;2;2;"43";1;2;;;2;;;;1;;2;1;;;;3;40;12;211;82;78;70;71;;;;;;;;;;567;;2024-01-11 20:49:47;0;0;8;8;0;0;1,22
179;;;"VM";"interview";2024-01-11 20:57:59;3;3;2;3;3;3;2;4;2;3;3;4;2;3;2;2;4;3;2;4;4;3;4;4;2;4;2;4;4;4;2;4;4;2;4;3;4;4;4;2;4;2;3;4;3;1;3;3;2;2;2;3;3;2;2;2;2;4;1;2;3;3;2;2;4;1;4;1;1;4;1;2;3;2;2;4;2;2;4;3;4;4;4;3;4;2;4;3;2;4;3;2;4;2;2;2;5;1;3;3;2;2;2;2;4;3;2;3;4;2;4;4;1;4;2;4;4;3;4;3;3;2;3;4;3;3;4;3;3;3;3;3;2;2;3;2;4;2;2;3;3;2;2;4;2;4;2;2;4;4;2;4;3;3;4;4;2;4;2;3;3;4;2;4;4;2;4;3;4;4;3;4;3;3;4;3;2;2;2;2;2;2;2;3;3;2;1;4;2;4;2;2;4;2;2;2;4;2;4;2;1;5;1;4;4;4;2;5;3;2;4;4;4;4;4;4;4;3;2;4;2;2;4;3;4;4;2;2;3;2;2;3;2;4;2;3;4;2;2;2;2;3;5;2;1;2;3;4;4;2;4;4;4;2;4;4;4;4;2;3;4;3;1;5;2;2;3;2;1;1;1;1;4;2;1;5;1;4;1;2;3;4;2;2;5;1;5;2;1;4;1;4;4;2;3;5;5;1;5;4;5;5;2;4;4;4;2;5;2;1;1;2;1;1;2;"46";1;1;2;1;2;1;2;1;2;1;2;1;2;1;2;41;31;10;584;103;121;109;149;61;359;55;60;66;59;69;75;83;1281;;2024-01-11 21:31:54;1;0;17;17;0;0;0,83
181;;;"VM";"interview";2024-01-11 23:01:08;3;1;1;3;3;4;1;5;1;4;1;3;4;4;3;5;5;4;2;3;4;3;4;5;3;5;1;3;4;5;2;5;5;1;4;2;5;1;2;2;5;5;1;5;2;1;2;3;3;1;1;3;1;1;1;5;1;5;1;5;4;4;1;1;5;1;4;1;1;4;1;1;3;5;2;4;3;2;4;4;4;4;2;5;2;2;2;4;3;5;4;3;4;4;4;3;4;3;4;2;2;1;2;2;4;2;3;2;4;3;3;5;4;5;2;3;5;4;3;3;3;1;3;3;4;1;3;1;5;4;2;4;3;2;2;3;2;2;2;5;1;4;3;3;3;4;3;4;3;4;3;4;4;2;4;2;1;5;1;5;2;5;2;5;3;1;4;4;4;2;2;3;4;5;2;5;3;1;2;3;3;2;2;3;2;3;2;4;2;4;2;4;4;5;1;3;5;2;5;4;1;5;1;3;4;4;2;5;4;1;4;2;5;5;1;2;5;5;2;4;3;1;2;3;3;2;1;3;2;2;1;5;1;5;1;5;5;3;1;1;4;2;5;1;1;5;1;5;3;4;3;4;5;1;3;4;5;1;3;1;5;4;1;5;2;4;3;3;3;2;3;1;4;3;4;2;3;1;3;1;4;3;3;2;4;3;5;5;1;5;1;5;3;2;3;4;4;1;3;2;5;1;2;2;5;5;2;4;2;1;2;1;1;1;2;"70";1;1;2;1;2;1;2;1;2;1;2;1;2;1;2;35;72;217;296;115;107;95;97;90;88;103;87;98;595;102;76;75;1609;;2024-01-11 23:40:16;1;0;17;17;0;0;0,62
186;;;"VM";"interview";2024-01-12 07:59:33;4;2;3;3;3;2;2;5;3;3;3;2;2;2;4;4;3;3;3;3;2;3;4;2;2;3;1;3;4;3;3;4;4;2;3;3;5;5;3;3;4;2;1;3;2;1;2;2;2;3;2;3;2;2;2;3;3;4;3;3;2;3;3;3;4;2;3;1;2;2;2;3;2;3;2;3;2;3;4;4;3;4;2;3;2;2;4;3;1;5;4;3;4;3;4;3;3;3;4;1;3;2;4;3;3;3;4;3;2;3;2;4;4;3;4;4;4;3;4;3;4;1;3;2;4;3;3;3;3;2;2;3;2;4;4;2;4;4;4;3;3;2;4;3;3;3;3;3;3;2;4;3;2;3;4;2;2;4;2;4;3;3;4;3;3;2;2;4;4;4;3;3;4;3;2;3;2;4;3;3;4;3;3;3;3;3;3;4;3;3;3;3;3;3;3;3;3;3;4;2;1;4;2;3;3;4;2;4;2;3;4;3;4;2;2;3;3;2;2;4;2;2;4;1;4;4;3;2;4;2;2;4;2;4;3;5;5;2;3;3;2;3;4;2;2;2;2;5;3;3;4;3;4;2;3;3;5;3;3;3;4;3;1;3;2;4;3;2;3;3;2;2;3;2;2;4;3;4;2;3;3;3;2;2;5;2;5;4;1;4;2;2;3;3;3;5;3;3;4;3;4;3;3;4;3;4;3;4;2;2;1;2;2;1;2;"35";1;1;2;1;1;2;1;2;1;1;2;1;2;1;2;9;33;44;106;74;110;72;94;76;7958;55;56;45;69;63;50;51;1069;;2024-01-12 10:28:59;1;0;17;17;0;0;1,01
189;;;"VM";"interview";2024-01-12 11:17:28;3;1;2;4;2;3;4;4;4;4;2;4;4;4;2;3;3;3;3;4;3;3;3;2;3;4;2;3;3;4;2;4;2;4;4;4;3;2;2;4;3;4;4;3;3;1;3;3;3;2;1;3;3;3;2;4;3;3;2;2;3;3;2;3;4;2;4;2;3;3;3;3;2;2;4;2;2;3;3;4;3;2;3;3;2;2;4;2;3;4;4;2;4;4;4;3;4;1;2;4;2;3;2;2;5;2;2;2;3;3;4;4;4;3;3;4;4;2;3;3;3;2;2;3;4;3;2;3;3;2;2;3;3;2;3;3;2;3;4;4;3;3;2;2;3;3;3;2;3;4;3;3;3;3;4;2;3;3;3;3;3;3;3;3;3;3;3;2;3;3;3;3;3;3;3;3;3;2;3;3;4;2;2;4;2;3;1;4;2;4;1;1;3;3;2;3;4;1;5;2;1;5;1;1;5;3;2;5;4;2;4;3;4;2;3;3;4;3;2;3;2;2;5;1;5;5;4;2;5;1;4;2;1;2;4;4;4;1;4;2;2;3;4;3;1;5;1;1;5;2;3;5;4;4;4;4;4;4;2;3;4;3;3;3;2;4;4;2;4;4;3;1;3;2;4;2;2;3;4;2;5;2;3;2;2;2;4;3;2;3;3;3;5;2;3;4;3;3;4;3;3;3;2;4;3;3;3;3;2;1;1;2;1;1;2;"32";1;2;2;1;1;1;2;2;1;1;2;2;2;2;2;9;28;8;99;62;65;51;46;74;52;119;48;51;111;78;66;39;1006;;2024-01-12 11:34:14;1;0;17;17;0;0;1,22
191;;;"VM";"interview";2024-01-12 15:02:52;3;1;2;3;1;1;3;4;2;2;1;4;2;4;1;3;5;4;1;4;4;2;4;1;2;4;2;4;4;4;2;4;5;2;4;4;5;5;2;3;5;4;1;4;2;1;4;2;2;4;1;3;4;1;1;4;1;5;1;2;5;2;1;4;5;1;3;1;1;3;1;1;1;2;3;4;3;2;2;5;4;4;4;4;2;3;4;3;2;4;4;3;4;4;5;4;2;1;2;5;2;1;2;2;4;2;3;2;2;1;3;2;3;4;4;3;2;4;2;3;3;4;3;3;3;3;4;3;3;2;4;3;2;1;4;2;2;4;5;4;4;1;1;5;2;4;1;2;3;4;4;4;1;3;3;1;2;4;2;2;3;4;2;4;2;4;2;4;2;4;3;4;2;4;4;4;2;1;3;2;4;1;1;3;4;1;1;5;1;4;1;1;5;3;1;3;4;1;4;1;1;4;1;3;5;3;1;5;4;2;4;4;4;4;2;4;5;3;2;4;3;1;5;2;4;5;5;2;3;2;4;2;3;2;4;5;4;1;5;2;1;2;4;1;1;4;1;1;2;3;3;5;3;1;5;5;5;5;1;3;5;2;1;5;2;2;4;2;2;4;2;1;5;1;2;5;1;4;4;5;5;2;2;1;5;1;4;2;1;4;2;4;3;2;4;4;5;2;3;2;5;5;3;2;4;4;1;3;2;1;1;1;1;2;1;"38";1;1;2;1;1;1;1;1;1;1;2;1;2;1;2;15;29;9;134;87;89;81;114;89;61;159;112;86;73;112;104;68;1334;;2024-01-12 15:26:37;1;0;17;17;0;0;0,85
218;;;"VM";"interview";2024-01-12 15:55:20;3;2;2;3;2;2;2;4;2;3;2;4;3;5;2;5;3;4;2;4;4;3;2;4;2;4;2;2;3;5;1;4;4;2;3;2;4;3;2;4;4;4;3;4;2;2;4;2;4;2;1;3;3;1;1;5;3;5;1;2;4;3;1;3;5;1;3;1;3;3;3;3;2;3;3;3;2;4;3;4;3;4;3;4;2;2;4;2;2;4;5;1;5;5;3;3;4;2;4;3;3;1;4;1;4;2;3;1;4;3;4;4;3;3;4;4;2;3;4;2;3;2;3;3;5;3;5;1;4;1;2;3;3;2;3;3;1;1;1;4;2;2;2;5;3;5;3;3;1;3;2;3;4;2;4;2;2;4;1;1;2;5;1;5;2;3;3;4;3;5;1;4;3;4;4;4;3;2;2;3;2;2;2;4;2;2;2;5;3;4;2;2;2;4;2;3;4;2;4;1;1;4;2;2;3;4;1;4;3;2;4;5;4;3;2;4;3;4;3;4;4;1;5;2;4;4;2;2;4;2;3;3;3;5;4;5;5;2;3;3;2;3;5;1;1;4;1;4;4;3;3;4;4;1;3;3;5;3;1;3;5;2;2;5;4;4;4;1;4;4;1;1;5;1;4;3;3;2;4;4;3;3;3;2;3;3;5;3;1;5;1;2;3;4;2;5;5;1;3;3;5;3;1;5;3;5;3;3;2;1;1;1;1;2;1;"37";1;2;2;1;1;1;1;1;2;1;2;1;2;1;2;4;20;7;93;106;64;60;60;108;91;67;50;55;57;50;51;89;1032;;2024-01-12 16:12:33;1;0;17;17;0;0;1,29
221;;;"VM";"interview";2024-01-12 19:16:43;3;1;4;4;4;5;4;4;2;1;3;4;2;3;2;3;4;1;2;5;4;2;3;2;4;2;4;4;5;5;1;4;4;1;4;2;4;5;1;4;5;5;1;5;4;1;2;1;1;1;1;2;5;1;1;5;1;5;1;2;5;4;2;2;5;2;4;1;1;2;1;1;2;2;4;4;2;4;1;5;4;4;5;5;1;2;5;1;4;3;4;2;4;4;4;3;2;1;5;1;1;1;2;1;3;1;5;2;1;3;2;4;2;4;4;4;4;4;2;4;5;1;5;2;4;4;1;2;4;3;2;5;3;2;2;3;2;1;2;3;4;2;2;4;1;5;1;2;5;1;1;3;5;1;4;1;2;2;2;1;3;4;4;4;2;2;4;4;2;4;4;4;2;4;4;4;2;2;2;2;1;1;1;2;4;5;1;5;1;5;1;1;5;5;1;3;5;1;4;3;1;5;2;2;2;5;1;4;3;2;4;4;4;4;3;4;2;5;4;4;1;4;5;1;5;5;5;2;2;1;4;5;1;4;4;4;4;1;5;1;1;2;4;2;1;2;1;1;4;3;1;5;5;2;5;1;5;5;1;4;2;3;2;5;2;5;2;1;1;1;2;1;5;1;1;5;1;5;1;2;5;4;1;2;5;1;5;1;1;4;1;1;2;4;1;5;5;2;4;4;4;5;2;4;4;4;2;5;2;1;1;1;1;2;1;"45";1;1;2;1;1;1;2;1;2;1;1;1;2;1;2;26;33;385;136;87;99;65;85;100;46;91;59;50;52;58;76;44;1120;;2024-01-12 19:41:35;1;0;17;17;0;0;0,95
223;;;"VM";"interview";2024-01-12 21:29:21;3;2;3;4;3;2;4;4;2;2;2;4;2;4;2;2;4;4;2;4;2;2;4;2;2;4;2;2;2;4;1;4;2;3;4;4;3;4;2;4;4;4;2;4;3;2;3;3;2;2;2;3;4;3;2;4;2;4;2;3;4;3;2;3;4;2;3;3;2;3;2;4;4;3;4;3;3;2;2;4;3;2;3;2;3;3;2;3;2;3;4;2;4;2;3;3;3;2;3;2;2;3;3;2;2;2;2;2;3;3;3;4;3;4;3;2;3;3;3;2;4;2;3;3;3;3;3;2;3;2;3;3;3;2;3;2;4;3;4;3;3;2;3;4;2;3;3;3;3;2;3;3;2;3;4;2;2;3;3;3;3;4;3;4;3;3;2;4;2;2;3;4;3;3;2;3;3;2;4;2;4;3;2;3;3;2;2;4;2;4;2;2;4;3;3;4;3;2;4;3;1;4;2;2;4;3;3;4;4;2;4;3;4;4;2;3;4;3;2;4;2;2;4;2;4;4;2;3;3;1;2;5;2;4;2;2;4;1;2;2;3;2;5;2;1;4;1;2;5;2;3;4;4;2;3;4;5;5;2;2;4;1;1;4;3;1;4;1;4;4;2;1;4;1;2;5;1;4;2;2;4;1;3;2;2;2;4;3;2;4;2;2;2;2;4;4;4;2;4;3;4;2;2;4;4;3;2;4;2;1;1;1;1;2;1;"38";1;1;2;1;1;1;2;1;2;1;2;1;2;1;2;2;34;13;91;59;59;73;57;48;48;57;44;58;45;40;40;34;802;;2024-01-12 21:42:44;1;0;17;17;0;0;1,46
225;;;"VM";"interview";2024-01-13 10:42:00;;;;;;;;;;;;;;;;;;;;;;;;;;;;;;;;;;;;;;;;;;;;;;;;;;;;;;;;;;;;;;;;;;;;;;;;;;;;;;;;;;;;;;;;;;;;;;;;;;;;;;;;;;;;;;;;;;;;;;;;;;;;;;;;;;;;;;;;;;;;;;;;;;;;;;;;;;;;;;;;;;;;;;;;;;;;;;;;;;;;;;;;;;;;;;;;;;;;;;;;;;;;;;;;;;;;;;;;;;;;;;;;;;;;;;;;;;;;;;;;;;;;;;;;;;;;;;;;;;;;;;;;;;;;;;;;;;;;;;;;;;;;;;;;;;;;;;;;;;;;;;;;;;;;;2;1;2;1;1;1;2;"40";1;;;;;;;;;;;;;;;25;32;12;;;;;;;;;;;;;;;69;;2024-01-13 10:43:09;0;0;3;3;0;0;0,88
243;;;"VM";"interview";2024-01-13 15:47:47;;;;;;;;;;;;;;;;;;;;;;;;;;;;;;;;;;;;;;;;;;;;;;;;;;;;;;;;;;;;;;;;;;;;;;;;;;;;;;;;;;;;;;;;;;;;;;;;;;;;;;;;;;;;;;;;;;;;;;;;;;;;;;;;;;;;;;;;;;;;;;;;;;;;;;;;;;;;;;;;;;;;;;;;;;;;;;;;;;;;;;;;;;;;;;;;;;;;;;;;;;;;;;;;;;;;;;;;;;;;;;;;;;;;;;;;;;;;;;;;;;;;;;;;;;;;;;;;;;;;;;;;;;;;;;;;;;;;;;;;;;;;;;;;;;;;;;;;;;;;;;;;;;;;;2;1;1;1;1;2;2;"67";1;;;;;;;;;;;;;;;3;62;;;;;;;;;;;;;;;;65;;2024-01-13 15:48:52;0;0;2;2;0;0;1,77
246;;;"VM";"interview";2024-01-13 17:23:54;4;4;3;3;3;3;3;5;4;3;3;4;3;5;3;3;3;4;3;3;3;3;3;3;2;4;2;3;3;5;2;5;3;3;3;3;4;3;3;4;3;3;3;3;3;1;4;2;2;3;2;3;3;2;1;4;2;4;2;3;4;3;2;3;4;2;3;1;2;2;2;3;2;3;3;3;3;3;2;4;3;3;4;4;3;3;3;3;3;4;5;2;4;3;4;4;3;1;2;4;2;2;2;3;3;2;2;3;3;1;3;3;3;3;3;5;3;4;3;2;3;3;3;3;3;3;4;3;3;2;3;3;3;2;4;2;4;3;2;4;3;2;3;4;2;4;2;3;4;3;2;3;4;2;3;2;2;3;2;2;2;4;3;4;3;3;3;3;3;3;3;4;3;3;3;3;3;1;3;3;3;4;1;3;3;2;1;4;1;3;1;2;4;3;2;3;4;2;4;3;2;4;2;2;3;5;2;4;3;2;4;3;3;3;3;4;3;3;3;4;3;1;4;2;4;4;2;2;5;1;2;5;1;4;2;3;5;2;2;2;4;2;4;1;1;2;1;2;4;3;3;5;3;2;4;4;4;3;2;3;4;2;3;4;3;4;3;1;3;3;4;1;4;2;2;4;1;4;4;3;5;3;2;2;3;2;3;2;1;3;1;1;4;2;2;5;3;2;4;3;4;3;2;4;3;4;3;4;2;1;1;1;1;2;2;"40";1;1;2;1;1;1;1;1;1;1;2;1;2;1;2;6;55;65;114;78;95;72;173;78;85;61;113;68;123;172;91;93;1342;;2024-01-13 17:49:37;1;0;17;17;0;0;0,83
247;;;"VM";"interview";2024-01-13 17:27:58;5;1;1;5;1;1;1;5;1;5;1;5;5;5;1;1;5;5;2;5;5;1;5;1;5;5;1;5;5;5;1;5;5;1;5;1;5;5;1;1;5;1;1;5;1;1;1;1;1;1;1;1;5;1;1;5;1;5;1;1;5;5;1;1;5;1;1;1;1;1;1;5;1;1;5;1;1;5;1;5;1;1;5;1;1;1;5;1;1;1;5;1;5;5;5;1;5;1;1;1;1;1;1;1;5;1;5;2;1;1;1;5;5;5;5;5;5;1;5;1;5;1;5;5;5;5;5;1;5;1;1;5;1;1;5;1;5;5;5;1;5;1;1;5;1;5;1;1;5;1;5;1;1;5;1;1;5;1;5;5;5;1;5;1;5;1;1;5;5;5;5;1;5;1;1;5;1;1;1;1;1;1;1;5;1;1;1;5;1;5;1;5;5;5;1;1;5;1;5;5;5;5;1;5;5;1;5;5;5;1;5;1;5;5;1;1;5;2;1;5;1;1;1;1;1;5;1;1;5;1;1;5;1;5;1;1;5;5;1;1;5;1;5;1;5;5;1;5;5;1;5;5;5;1;5;1;5;5;1;1;5;1;1;5;1;1;5;1;5;5;1;1;5;1;1;5;1;5;1;5;5;5;5;1;1;1;5;5;5;5;1;1;5;1;5;5;5;2;5;1;5;5;1;1;5;1;1;5;2;1;1;1;1;2;1;"70";1;1;2;1;1;1;2;1;2;1;2;1;2;1;2;25;51;11;198;100;85;89;158;85;86;118;119;138;50;128;68;53;1492;;2024-01-13 17:54:00;1;0;17;17;0;0;0,77
255;;;"VM";"interview";2024-01-14 18:37:40;;;;;;;;;;;;;;;;;;;;;;;;;;;;;;;;;;;;;;;;;;;;;;;;;;;;;;;;;;;;;;;;;;;;;;;;;;;;;;;;;;;;;;;;;;;;;;;;;;;;;;;;;;;;;;;;;;;;;;;;;;;;;;;;;;;;;;;;;;;;;;;;;;;;;;;;;;;;;;;;;;;;;;;;;;;;;;;;;;;;;;;;;;;;;;;;;;;;;;;;;;;;;;;;;;;;;;;;;;;;;;;;;;;;;;;;;;;;;;;;;;;;;;;;;;;;;;;;;;;;;;;;;;;;;;;;;;;;;;;;;;;;;;;;;;;;;;;;;;;;;;;;;;;;;2;1;1;1;1;2;1;"39";1;;;;;;;;;;;;;;;33;22;17;;;;;;;;;;;;;;;72;;2024-01-14 18:38:52;0;0;3;3;0;0;0,89
256;;;"VM";"interview";2024-01-14 18:44:36;3;1;2;3;3;2;2;5;1;2;1;5;3;5;1;5;4;3;2;4;4;2;3;3;3;3;3;3;3;5;3;3;3;3;3;3;3;3;3;3;4;4;3;3;2;2;2;2;4;2;1;4;2;2;1;5;1;5;1;4;5;5;2;3;5;2;3;1;2;2;3;2;2;4;3;2;2;5;2;5;1;5;4;3;2;3;4;2;3;2;2;4;2;3;4;5;2;4;4;3;3;3;3;3;3;3;3;3;4;4;3;3;3;3;3;4;4;3;3;3;4;2;3;3;3;3;3;1;4;2;2;3;4;2;3;3;3;2;2;3;4;3;2;4;2;4;2;3;4;3;2;3;4;2;4;1;1;4;2;2;3;4;2;4;4;3;3;4;3;5;3;4;4;4;3;3;3;2;2;3;2;2;2;5;5;1;1;5;1;5;2;3;5;4;2;3;4;2;5;2;2;5;1;3;3;5;2;4;4;3;3;3;4;3;3;3;3;3;3;3;2;2;3;2;3;3;2;3;3;3;2;4;2;5;2;3;4;4;2;3;5;2;4;2;2;4;2;3;3;3;3;2;3;4;3;4;2;3;4;4;3;2;4;3;2;4;4;2;4;4;3;3;3;2;4;2;3;3;3;3;4;1;4;2;3;3;4;4;2;5;1;3;5;2;3;3;5;1;3;3;5;3;3;2;5;4;2;5;2;1;1;1;1;2;2;"51";1;1;2;1;1;1;2;1;2;1;2;1;2;2;2;12;58;13;106;93;104;215;180;94;72;70;76;74;91;127;54;59;1256;;2024-01-14 19:09:34;1;0;17;17;0;0;0,84
263;;;"VM";"interview";2024-01-14 19:12:38;3;2;4;4;4;4;3;5;2;3;2;4;2;3;1;1;5;1;5;3;1;1;5;3;2;4;1;5;5;5;1;5;4;1;5;2;5;4;1;5;5;5;1;4;2;3;2;3;1;2;5;3;3;2;2;4;2;4;2;3;5;2;2;3;3;3;5;1;1;3;2;5;5;1;5;1;3;3;3;3;3;3;5;3;2;1;5;2;5;2;3;3;3;1;4;5;1;4;2;4;5;1;2;2;2;2;2;2;2;2;3;3;3;3;3;3;3;3;3;3;3;3;3;3;3;3;3;3;3;3;3;3;3;2;4;2;4;2;4;4;4;2;3;4;3;4;3;3;3;4;4;3;4;2;5;2;4;4;2;4;4;2;3;4;4;2;4;3;4;4;2;2;4;5;2;4;2;2;2;3;3;3;2;3;4;2;2;4;2;5;2;2;5;3;1;3;5;2;5;1;1;5;1;5;5;2;2;3;3;1;1;5;5;1;5;1;5;5;1;5;4;4;5;1;5;3;4;1;4;1;4;1;2;4;4;4;4;4;4;1;2;2;5;3;1;3;1;4;3;3;3;4;4;1;5;2;4;4;2;4;4;3;2;4;2;4;4;2;4;2;2;2;4;2;2;4;1;5;1;2;5;2;2;2;4;2;5;2;2;4;1;5;5;1;5;4;5;1;1;3;5;5;5;1;3;5;1;5;2;1;1;1;1;2;2;"43";1;1;2;1;2;1;1;1;1;1;2;1;2;1;2;13;22;2;78;66;67;50;51;48;50;28;51;62;53;52;46;50;789;;2024-01-14 19:25:47;1;0;17;17;0;0;1,5
264;;;"VM";"interview";2024-01-14 19:26:28;3;2;4;2;4;3;3;4;3;2;3;3;3;4;3;4;4;2;4;3;2;3;3;4;3;3;3;4;4;4;2;3;4;2;2;2;4;3;2;2;4;3;2;3;3;2;2;3;2;2;2;3;2;3;2;4;3;4;2;3;3;3;2;4;3;2;3;2;4;2;3;3;4;3;3;2;3;3;2;3;3;3;3;2;3;3;2;3;2;2;5;2;4;4;5;5;1;2;5;2;3;2;3;3;3;2;4;3;2;3;2;4;5;4;3;5;5;5;2;3;4;2;4;2;3;4;2;3;4;3;3;3;1;3;5;1;5;3;5;2;4;2;2;3;2;4;3;3;4;2;3;3;3;3;3;2;3;3;3;4;2;3;2;2;2;4;3;4;2;3;3;3;2;3;4;2;2;3;4;2;3;2;3;3;3;2;2;4;3;4;2;3;4;3;3;3;3;2;3;2;2;4;2;3;4;4;3;4;3;2;4;4;4;4;4;2;4;3;3;4;1;4;5;1;4;3;5;2;4;3;4;2;1;2;3;3;3;1;5;3;1;3;3;3;3;3;3;3;3;3;3;3;3;3;3;3;3;3;3;3;3;3;3;3;3;2;5;2;5;3;3;1;5;1;2;4;1;4;2;3;3;3;2;2;4;2;3;3;2;4;2;3;5;4;2;4;4;2;2;3;3;3;2;3;3;3;3;3;2;1;1;1;1;2;1;"58";1;2;2;1;1;2;2;1;2;1;2;1;1;1;2;4;38;29;100;80;67;71;54;75;53;63;57;58;27;58;69;60;963;;2024-01-14 19:42:31;1;0;17;17;0;0;1,26
266;;;"VM";"interview";2024-01-14 19:32:28;4;2;3;2;4;2;2;4;2;2;2;4;1;4;2;4;5;2;2;4;3;2;4;2;2;2;1;4;5;5;4;3;4;2;4;2;5;2;1;2;5;3;2;4;4;2;2;2;2;4;2;2;2;2;2;4;2;4;2;2;4;2;2;2;4;2;4;2;2;1;1;2;2;2;3;4;3;3;4;4;4;4;2;2;3;2;2;4;2;2;4;1;3;3;2;2;4;1;2;4;2;2;2;4;4;2;2;2;4;2;4;2;2;4;1;2;4;4;3;2;3;2;4;2;4;2;2;3;2;2;2;3;2;2;4;2;4;2;2;4;2;1;1;5;2;4;1;5;4;2;2;4;2;2;4;2;1;3;2;2;2;4;2;4;2;2;4;4;4;2;2;4;2;3;4;3;1;1;4;2;4;2;1;3;2;2;1;5;2;5;1;4;5;2;1;4;5;1;4;2;1;5;1;2;4;3;2;5;5;2;5;2;5;2;1;4;4;3;2;4;2;1;1;1;5;5;4;1;5;1;2;4;2;3;2;4;4;3;3;2;1;1;5;1;1;5;1;2;4;4;2;5;5;2;5;2;4;1;1;4;4;3;2;5;1;1;5;2;5;4;2;1;5;1;1;5;2;5;2;4;4;3;2;2;4;2;5;2;1;4;4;2;3;4;3;4;2;2;3;3;4;4;2;3;4;4;3;4;2;1;1;1;1;2;2;"29";1;1;2;1;2;1;1;1;2;1;2;1;2;1;1;11;27;18;130;98;93;71;74;62;56;62;44;57;51;63;84;47;1048;;2024-01-14 19:49:56;1;0;17;17;0;0;1,09
267;;;"VM";"interview";2024-01-14 21:40:54;4;1;1;3;1;1;2;5;1;5;1;2;5;5;4;5;2;5;1;4;4;4;5;1;1;4;1;5;4;5;2;4;5;1;4;5;5;3;1;3;5;4;1;5;2;1;4;2;4;1;2;4;5;1;1;5;1;4;1;3;5;4;1;4;4;1;4;1;1;2;1;2;1;2;4;4;1;2;2;3;2;3;4;5;1;4;5;1;2;4;4;3;4;5;5;5;3;2;5;3;1;2;4;3;3;3;5;2;1;3;4;1;4;4;2;5;4;4;4;2;5;1;4;2;5;3;4;2;4;1;1;4;2;1;2;1;1;2;4;5;2;1;4;2;4;2;2;3;5;5;3;4;3;3;4;1;1;3;2;2;2;5;1;5;1;4;5;4;1;3;5;5;1;4;5;1;2;1;2;2;3;1;1;4;1;2;1;5;1;4;1;3;5;4;2;4;5;1;5;1;1;5;1;4;4;5;1;5;4;1;5;4;5;4;1;3;5;5;2;5;2;1;5;1;5;5;4;2;4;1;4;4;1;4;5;3;5;2;5;1;1;1;3;1;2;3;2;4;4;5;1;5;4;1;3;4;5;3;1;5;4;1;2;5;1;1;2;1;2;1;1;1;5;1;1;5;1;5;1;3;5;4;1;1;5;1;5;1;1;4;2;4;4;5;1;5;5;1;5;4;5;3;1;4;4;4;2;5;2;1;2;1;1;1;2;"39";1;1;2;1;1;2;2;2;1;1;2;1;2;1;2;4;21;8;74;57;50;53;61;60;47;58;53;41;49;51;40;45;772;;2024-01-14 21:53:46;1;0;17;17;0;0;1,53
268;;;"VM";"interview";2024-01-15 07:54:41;3;1;1;3;1;2;2;5;2;2;1;4;2;5;2;3;4;4;1;3;4;2;3;1;2;3;2;4;4;5;3;4;4;2;4;3;4;3;2;4;4;4;1;4;3;1;1;3;1;2;1;3;2;1;1;4;2;3;2;2;3;3;1;3;4;1;3;1;2;3;1;2;1;2;3;2;1;4;2;4;2;2;4;3;2;1;4;1;3;1;4;1;5;4;4;1;4;1;1;2;2;2;2;2;4;2;3;2;2;1;3;1;1;5;1;5;5;4;2;4;4;2;4;4;4;4;2;3;4;1;1;4;3;1;3;1;4;4;4;4;3;1;2;4;2;3;2;2;3;3;3;4;2;3;3;1;1;4;1;2;3;5;2;4;2;2;4;4;3;3;2;4;3;4;2;4;3;1;3;2;2;2;1;3;3;2;1;5;1;5;1;1;4;3;1;4;5;1;3;1;1;5;2;1;5;5;2;4;3;2;3;3;4;3;3;3;4;4;2;4;3;1;2;2;2;3;2;2;3;2;2;4;2;4;2;3;3;2;1;1;4;1;4;1;1;4;1;5;5;2;3;4;4;1;4;4;4;4;2;3;4;1;1;4;3;1;3;2;2;2;2;2;3;1;1;5;1;4;2;2;4;3;2;1;4;1;4;1;1;5;1;5;5;5;3;5;4;1;3;4;5;3;1;4;5;3;1;5;2;1;1;1;1;2;2;"62";1;1;2;1;1;1;2;1;2;1;2;1;2;1;2;9;22;10;71;56;64;54;58;49;60;55;74;60;46;60;125;53;867;;2024-01-15 08:10:07;1;0;17;17;0;0;1,26
269;;;"VM";"interview";2024-01-15 09:44:05;3;4;2;3;2;2;3;4;5;4;2;4;4;4;3;3;4;3;3;4;4;4;4;2;1;4;1;4;1;3;4;4;4;2;3;4;5;4;4;3;4;2;2;4;2;2;3;3;3;3;3;4;4;3;2;4;3;4;2;2;4;3;3;3;4;4;3;2;2;3;2;4;2;3;3;4;3;2;4;4;4;4;3;4;3;2;3;4;3;4;4;2;3;4;4;2;4;2;4;3;3;2;4;3;4;2;4;2;2;3;3;3;3;3;3;4;3;2;3;3;4;3;4;3;4;3;4;2;4;2;3;3;3;2;2;3;2;2;3;4;2;4;2;4;4;4;2;3;4;4;3;4;4;4;4;2;2;3;3;5;3;3;4;4;4;2;3;4;4;4;4;3;3;2;4;3;2;3;4;2;4;5;2;3;4;2;3;4;2;3;2;1;3;3;3;3;2;2;4;1;2;4;2;4;2;4;2;4;2;3;3;3;4;5;5;3;3;4;3;4;2;3;4;4;4;3;2;3;3;2;3;4;4;3;4;3;3;2;4;2;3;3;4;3;1;4;2;4;1;2;3;4;4;3;4;2;4;5;4;2;4;1;3;4;2;4;4;4;4;3;3;2;4;2;4;3;3;2;4;3;4;2;4;1;2;2;5;2;1;4;2;2;2;3;3;4;4;2;4;3;4;3;2;3;4;2;4;4;2;1;1;2;1;1;2;"70";1;1;1;1;1;1;1;1;2;1;1;1;1;1;2;59;65;35;262;142;112;106;135;149;119;125;109;86;85;88;79;119;1739;;2024-01-15 10:15:20;1;0;17;17;0;0;0,59
270;;;"VM";"interview";2024-01-15 10:35:04;4;1;3;4;2;2;1;4;3;2;1;4;3;4;2;3;4;4;2;4;5;2;5;4;1;4;1;1;5;4;3;4;4;1;4;2;5;3;2;4;5;4;2;4;2;1;2;4;3;4;3;3;2;4;3;2;2;3;4;3;2;3;4;2;2;3;2;2;2;1;2;2;4;2;4;2;3;4;4;4;5;3;3;3;4;4;2;2;1;4;4;1;5;1;3;2;4;1;4;5;2;1;1;2;5;4;2;1;4;2;4;4;2;3;2;1;4;2;4;4;5;1;2;2;2;3;2;5;3;4;2;4;2;1;4;2;2;2;5;3;4;2;4;2;1;3;1;3;5;4;2;2;1;3;3;2;1;2;2;2;4;4;3;4;4;2;4;2;2;2;2;5;4;4;2;3;2;2;2;3;2;1;2;2;3;2;1;5;2;5;1;3;5;4;1;3;5;1;5;3;1;5;1;2;4;4;3;4;3;1;4;4;4;3;2;3;4;4;2;4;2;2;4;1;4;5;4;2;5;2;4;5;1;3;3;4;5;2;3;2;4;2;5;1;1;4;1;5;4;2;5;4;4;2;4;4;5;3;5;1;5;2;1;4;2;5;3;1;2;3;2;1;4;2;4;5;2;3;2;3;5;2;2;2;3;2;5;4;1;5;1;1;4;2;2;5;4;1;4;3;4;3;2;5;3;4;3;5;1;1;2;1;1;1;2;"27";1;1;2;2;2;1;2;1;2;1;2;1;2;1;2;2;27;11;93;52;56;56;57;48;42;54;52;54;53;51;41;46;795;;2024-01-15 10:48:19;1;0;17;17;0;0;1,46
272;;;"VM";"interview";2024-01-15 13:33:18;;;;;;;;;;;;;;;;;;;;;;;;;;;;;;;;;;;;;;;;;;;;;;;;;;;;;;;;;;;;;;;;;;;;;;;;;;;;;;;;;;;;;;;;;;;;;;;;;;;;;;;;;;;;;;;;;;;;;;;;;;;;;;;;;;;;;;;;;;;;;;;;;;;;;;;;;;;;;;;;;;;;;;;;;;;;;;;;;;;;;;;;;;;;;;;;;;;;;;;;;;;;;;;;;;;;;;;;;;;;;;;;;;;;;;;;;;;;;;;;;;;;;;;;;;;;;;;;;;;;;;;;;;;;;;;;;;;;;;;;;;;;;;;;;;;;;;;;;;;;;;;;;;;;;-9;0;1;1;1;1;-9;;-9;;;;;;;;;;;;;;;10;32;;;;;;;;;;;;;;;;42;;2024-01-15 13:34:01;0;0;2;2;100;100;1,17
273;;;"VM";"interview";2024-01-15 14:33:35;3;1;3;3;3;4;2;4;5;3;2;4;1;5;3;4;5;3;4;3;3;3;3;2;4;2;4;5;4;1;5;1;4;1;1;2;4;3;5;1;4;2;1;3;3;1;5;1;5;4;2;3;4;2;2;4;2;5;1;3;5;2;1;3;4;1;3;4;4;2;4;4;4;2;5;1;2;5;2;5;2;3;5;1;3;3;4;1;2;2;5;1;5;4;5;4;5;1;3;5;1;4;2;3;5;2;2;2;4;1;2;4;4;4;4;5;5;4;2;1;4;2;3;2;4;3;5;1;5;2;1;1;3;3;4;2;3;3;4;2;4;3;3;4;2;4;2;3;5;2;4;3;2;2;3;1;2;4;2;2;2;4;2;4;3;2;4;3;4;3;3;4;4;4;2;4;3;2;4;2;4;4;2;3;4;1;4;3;2;4;3;3;5;1;4;3;2;2;3;4;2;4;2;2;3;5;2;4;4;2;5;3;3;3;2;3;4;4;3;4;2;1;5;1;5;5;2;1;5;1;2;5;1;5;1;3;5;1;3;2;2;2;3;3;4;3;2;4;4;3;4;2;5;2;2;2;5;3;5;2;5;2;1;3;2;1;5;1;5;5;1;1;5;1;3;5;1;5;2;3;5;1;2;1;3;1;3;1;2;4;2;3;4;4;2;4;4;1;4;2;4;3;2;4;4;4;2;4;2;1;1;1;1;2;2;"36";1;1;1;1;1;1;1;1;2;1;2;1;1;1;2;24;43;13;186;177;91;79;178;93;78;88;137;68;81;85;100;53;1382;;2024-01-15 14:59:50;1;0;17;17;0;0;0,76
275;;;"VM";"interview";2024-01-15 16:11:15;3;2;4;4;3;2;2;5;1;4;2;3;3;4;4;3;2;3;3;4;4;4;2;4;3;4;2;2;4;4;2;3;4;2;3;4;2;3;2;4;4;4;4;4;2;1;3;1;1;4;2;4;2;4;2;4;4;4;2;3;2;4;2;4;4;2;4;1;2;4;2;4;3;2;4;4;4;2;3;5;4;3;3;4;3;2;2;3;3;4;4;1;4;3;3;2;4;2;4;2;3;1;4;3;2;3;4;2;2;3;4;4;4;5;4;4;4;2;4;1;3;5;1;4;4;3;4;2;4;1;2;2;2;2;4;1;4;4;2;3;3;1;2;4;2;4;4;3;4;2;4;2;2;2;4;4;2;5;3;1;4;5;1;4;4;2;3;2;2;3;3;4;3;4;4;3;2;2;4;2;4;4;2;2;4;2;2;4;2;4;2;3;4;2;2;4;4;2;4;2;1;5;2;2;3;3;2;5;5;1;3;5;5;3;1;4;4;3;3;5;2;2;5;2;4;4;2;2;4;2;3;4;2;4;4;3;4;2;3;1;3;1;4;4;2;2;2;3;4;2;2;4;4;2;4;2;4;3;2;4;4;2;2;4;1;5;5;1;5;5;5;1;5;2;5;3;3;1;2;3;4;4;4;2;2;2;5;4;1;2;2;2;4;4;2;4;3;2;4;2;4;3;3;3;3;2;2;2;2;1;2;1;1;1;1;"39";1;1;2;1;1;2;1;1;2;1;2;1;2;1;2;15;20;9;66;43;55;48;158;49;42;39;39;44;40;42;45;36;790;;2024-01-15 16:24:25;1;0;17;17;0;0;1,51
277;;;"VM";"interview";2024-01-15 16:46:32;2;3;2;3;3;1;3;5;2;2;2;4;3;4;1;1;3;5;1;3;4;2;;;;;;;;;;;;;;;;;;;;;;;;;;;;;;;;;;;;;;;;;;;;;2;2;2;3;2;1;1;1;4;2;1;5;1;5;1;3;5;4;1;2;5;1;;;;;;;;;;;;;;;;;;;;;;;;;;;;;;;;;;;;;;;;;;;;;;;;;;;;;;;;;;;;;;;;;;;4;2;1;4;2;1;2;5;1;5;3;2;5;3;3;3;2;5;2;4;4;4;;;;;;;;;;;;;;;;;;;;;;;4;1;1;5;1;3;3;3;3;5;3;2;3;4;4;5;2;3;4;3;3;4;5;1;5;1;5;5;5;1;5;3;4;3;3;4;5;3;3;1;5;2;1;3;;;;;;;;;;;;;;;;;;;;;;;;;;;;;;;;;;;;;;;;;;;;;;;;;;;;;;;;;;;;;;;;;;;2;1;1;2;1;1;2;"33";1;1;;;1;;;;2;;2;2;;;;5;44;92;132;79;64;66;52;;;;;;;;;;534;;2024-01-15 16:55:26;0;0;8;8;0;0;1,18
280;;;"VM";"interview";2024-01-15 20:11:32;4;2;2;3;3;2;3;5;1;2;2;3;4;4;3;3;4;4;2;4;4;2;4;4;2;3;2;4;4;5;2;4;3;1;4;5;5;4;2;4;5;3;2;3;3;1;3;2;4;4;1;4;2;1;1;5;2;5;1;2;4;4;2;3;5;2;3;4;3;4;3;4;3;3;3;3;3;2;3;3;3;3;3;3;4;3;2;3;3;5;3;2;5;4;3;4;4;1;4;2;1;2;2;2;4;1;3;3;4;2;4;4;2;4;4;3;3;4;4;3;3;1;3;1;2;2;3;3;4;3;3;5;2;2;4;2;4;5;3;4;2;1;2;4;1;5;2;2;4;2;3;3;3;2;3;3;2;3;3;4;1;4;2;1;2;4;3;4;4;3;4;4;2;4;5;3;2;4;2;3;3;2;1;5;2;1;1;5;2;4;1;1;4;3;1;3;5;2;4;2;1;5;2;2;3;5;1;5;3;1;5;3;5;3;1;5;4;3;3;4;2;4;4;1;4;4;3;3;4;1;3;4;1;3;2;2;4;2;3;2;2;3;5;2;1;3;1;3;2;4;2;5;4;1;2;3;5;4;2;4;4;4;2;4;2;4;3;1;4;5;2;2;5;1;2;4;2;4;2;2;5;3;1;2;5;2;4;4;1;4;2;3;3;3;4;4;4;2;3;2;5;4;2;4;5;4;3;4;2;2;2;2;1;1;2;"34";1;1;2;1;2;1;1;1;1;1;2;1;2;1;2;26;42;146;176;70;101;56;90;63;50;67;62;59;71;55;62;53;1116;;2024-01-15 20:32:21;1;0;17;17;0;0;0,96
287;;;"VM";"interview";2024-01-16 11:34:39;3;3;3;4;3;3;3;5;4;4;2;4;3;5;4;3;3;4;3;4;4;4;4;4;2;4;4;1;4;4;4;2;4;2;3;3;4;3;3;3;4;4;4;4;2;3;4;2;4;4;3;4;2;2;3;4;3;4;2;3;3;4;2;3;4;2;2;2;2;4;2;3;3;5;2;1;1;3;3;4;2;3;3;4;3;4;3;2;2;3;4;2;4;4;3;2;4;2;3;4;1;4;2;3;3;1;4;2;2;2;2;2;3;3;4;3;3;2;3;3;2;4;3;3;3;3;3;4;2;2;2;2;2;4;4;2;4;2;3;4;3;2;3;2;3;3;2;3;3;3;3;3;2;2;3;2;2;4;2;3;2;4;2;2;2;3;3;4;2;3;3;4;2;3;4;2;2;2;4;2;2;2;2;4;2;3;4;2;2;3;3;3;4;4;3;4;3;2;4;2;2;4;1;2;2;5;2;4;1;4;2;5;4;3;3;4;3;5;4;4;2;2;2;4;1;2;2;3;3;2;2;3;3;4;2;3;3;3;3;2;3;2;4;2;1;3;1;2;2;4;3;4;1;4;3;4;4;3;3;4;2;3;4;2;3;1;1;3;2;2;1;1;4;2;1;4;3;4;2;3;3;4;2;2;4;1;4;2;2;4;1;2;2;4;2;5;1;4;4;4;4;3;2;4;3;4;4;4;1;1;1;1;1;2;1;"84";1;2;2;1;1;1;1;1;1;1;1;1;1;1;2;28;57;20;197;135;110;103;95;108;123;103;120;116;112;111;99;120;1694;;2024-01-16 12:03:56;1;0;17;17;0;0;0,62
291;;;"VM";"interview";2024-01-16 15:23:29;4;2;2;3;2;2;3;4;2;4;2;3;3;4;3;3;4;4;2;3;4;3;4;4;1;4;1;3;5;5;2;4;5;2;5;3;5;3;1;3;5;4;1;5;2;2;2;3;2;2;2;4;4;2;2;4;2;4;2;4;4;3;2;3;4;2;3;2;1;2;1;4;2;2;4;4;3;1;2;3;5;3;4;2;3;3;4;2;3;4;5;3;4;2;1;3;3;1;2;3;2;3;3;2;4;2;2;2;4;2;3;2;2;3;2;2;3;3;4;4;2;2;2;3;2;3;4;3;2;1;4;3;3;2;3;2;2;1;1;5;4;2;2;4;2;3;2;3;4;3;1;2;4;2;4;4;1;4;2;1;5;4;2;4;4;3;4;2;3;2;2;4;3;4;1;4;4;2;2;1;2;2;2;3;3;2;3;4;2;4;2;1;4;3;2;3;4;3;3;4;1;5;1;1;4;3;1;5;3;2;5;3;3;2;1;3;3;5;3;5;2;2;4;1;5;3;2;2;5;1;1;4;2;3;2;3;5;1;1;1;4;1;5;1;1;4;1;1;5;3;1;5;5;1;3;5;5;4;2;3;3;2;2;5;4;4;3;2;3;1;1;1;5;1;4;4;1;4;4;1;4;2;1;1;5;1;5;1;1;4;1;1;4;3;1;5;5;2;5;3;5;3;2;3;3;2;3;4;2;1;2;1;1;1;2;"32";1;1;2;1;1;1;1;1;2;1;2;1;2;1;2;6;32;8;126;74;88;69;59;63;61;69;66;65;51;54;51;42;984;;2024-01-16 15:39:53;1;0;17;17;0;0;1,22
292;;;"VM";"interview";2024-01-16 16:07:09;4;1;1;2;3;2;2;5;2;3;3;3;4;3;4;4;3;4;2;4;4;3;4;2;1;4;2;3;2;5;2;4;4;2;4;3;4;4;2;3;4;4;3;4;2;3;3;2;4;3;2;2;4;1;2;4;2;3;2;2;4;3;2;2;4;1;3;4;3;2;3;4;3;1;4;2;3;2;3;4;3;3;4;2;3;2;2;3;4;4;4;3;4;4;3;3;4;1;4;3;3;4;4;3;3;2;3;3;3;3;4;4;2;3;3;2;2;4;1;2;4;3;4;4;4;4;3;4;3;4;4;3;3;2;3;2;4;4;3;3;5;2;2;4;2;4;2;3;4;2;2;3;4;2;3;2;2;3;2;2;2;4;2;4;2;3;4;4;4;4;2;4;2;4;4;3;3;2;4;2;4;2;2;2;3;1;2;5;2;5;1;1;4;3;1;2;4;1;4;2;1;5;1;2;3;2;2;5;3;2;4;3;4;4;2;4;4;4;2;4;3;3;4;2;4;3;2;3;4;2;2;4;2;4;2;4;4;2;2;2;3;2;4;4;1;3;2;3;3;3;3;2;3;4;2;4;4;3;4;2;3;3;3;3;2;4;4;1;4;4;2;1;5;2;3;2;2;5;2;2;4;2;2;1;4;2;4;3;1;5;2;2;3;3;3;5;4;1;4;4;4;4;2;4;4;3;3;4;2;1;1;1;1;2;1;"25";1;2;2;1;1;1;1;1;2;1;2;1;1;1;2;7;22;1;104;69;69;72;79;53;68;64;66;68;56;55;57;59;969;;2024-01-16 16:23:19;1;0;17;17;0;0;1,29
294;;;"VM";"interview";2024-01-16 17:06:33;3;1;1;3;1;3;3;4;2;3;3;2;3;4;3;2;3;4;4;4;3;3;;;;;;;;;;;;;;;;;;;;;;;;;;;;;;;;;;;;;;;;;;;;;;;;;;;;;;;;;;;;;;;;;;;;;;;;;;;;;;;;;;;;;;;;;;;;;;;;;;;;;;;;;;;;;;;;;;;;;;;;;;;;;;;;;;;;;;;;;;;;;;;;;;;;;;;;;;;;;;;;;;;;;;;;;;;;;;;;;4;3;2;3;2;3;3;4;2;4;4;2;4;4;3;4;2;4;3;4;3;4;;;;;;;;;;;;;;;;;;;;;;;;;;;;;;;;;;;;;;;;;;;;;;;;;;;;;;;;;;;;;;;;;;;;;;;;;;;;;;;;;;;;;;;;;2;1;2;1;1;1;2;"33";1;1;;;;;;;;;2;;;;;33;74;27;422;434;;;;;;;;;;;;;343;;2024-01-16 17:23:03;0;0;5;5;0;0;0,36
295;;;"VM";"interview";2024-01-16 19:49:02;4;1;2;3;2;1;5;5;1;4;2;2;2;4;2;3;4;4;4;4;3;3;4;3;1;3;1;5;5;4;3;3;5;1;1;4;5;3;4;2;5;3;1;3;2;3;2;3;1;2;5;1;4;4;1;5;1;4;2;3;4;3;1;2;5;1;4;3;3;4;1;1;1;2;4;4;3;2;2;2;4;3;4;2;2;3;4;1;2;4;4;1;4;1;5;4;2;2;4;3;3;2;4;3;3;2;4;2;4;3;2;5;3;3;2;2;4;5;1;4;5;1;4;2;4;3;3;2;4;2;4;4;2;2;2;2;1;1;4;4;2;4;2;3;3;3;3;3;2;4;5;3;2;4;3;4;2;4;2;2;5;3;4;4;2;3;4;3;4;3;1;4;4;3;3;4;3;2;2;3;1;1;1;2;4;2;1;5;4;5;1;3;4;4;1;3;5;1;5;3;1;5;1;3;5;4;3;4;3;1;3;2;5;3;3;2;5;4;2;4;3;4;5;2;4;5;5;1;4;3;5;1;1;2;5;3;4;1;5;2;1;3;3;5;1;3;1;2;5;4;2;3;5;1;2;2;5;3;3;1;5;3;1;3;2;5;4;1;1;1;2;1;5;2;4;2;1;2;4;3;5;2;2;2;5;1;4;5;2;5;1;3;5;2;5;4;5;1;3;2;4;3;2;3;4;3;2;4;2;1;1;1;1;2;1;"40";1;2;2;1;1;2;2;2;2;1;2;1;2;1;2;26;18;29;113;66;69;68;90;54;85;86;89;83;50;77;55;72;1130;;2024-01-16 20:07:52;1;0;17;17;0;0;1
300;;;"VM";"interview";2024-01-17 16:57:32;3;1;1;4;2;2;2;5;1;4;2;3;4;2;2;4;2;4;2;4;4;4;;;;;;;;;;;;;;;;;;;;;;;;;;;;;;;;;;;;;;;;;;;;;;;;;;;;;;;;;;;;;;;;;;;;;;;;;;;;;;;;;;;;;;;;;;;;;;;;;;;;;;;;;;;;;;;;;;;;;;;;;;;;;;;;;;;;;;;;;;;;;;;;;;;;;;;;;;;;;;;;;;;;;;;;;;;;;;;;;3;2;2;4;2;4;2;4;2;4;3;3;3;4;2;4;2;4;3;5;4;4;;;;;;;;;;;;;;;;;;;;;;;;;;;;;;;;;;;;;;;;;;;;;;;;;;;;;;;;;;;;;;;;;;;;;;;;;;;;;;;;;;;;;;;;;2;1;1;1;1;2;1;"40";1;2;;;;;;;;;1;;;;;368;301;24029;115;115;258063;;;;;;;;;;;;373;;2024-01-17 23:53:00;0;0;5;6;0;0;0,33
301;;;"VM";"interview";2024-01-17 19:07:38;3;3;3;3;3;3;3;3;3;3;3;3;3;3;3;3;3;3;3;3;3;3;;;;;;;;;;;;;;;;;;;;;;;;;;;;;;;;;;;;;;;;;;;;;;;;;;;;;;;;;;;;;;;;;;;;;;;;;;;;;;;;;;;;;;;;;;;;;;;;;;;;;;;;;;;;;;;;;;;;;;;;;;;;;;;;;;;;;;;;;;;;;;;;;;;;;;;;;;;;;;;;;;;;;;;;;;;;;;;;;2;2;2;2;2;2;2;2;2;2;2;2;2;2;2;2;2;2;2;2;2;2;;;;;;;;;;;;;;;;;;;;;;;;;;;;;;;;;;;;;;;;;;;;;;;;;;;;;;;;;;;;;;;;;;;;;;;;;;;;;;;;;;;;;;;;;3;2;2;2;1;1;3;"9";2;2;;;;;;;;;2;;;;;125;42;3;68;33;;;;;;;;;;;;;159;;2024-01-17 19:12:09;0;0;5;5;0;0;1,65
302;;;"VM";"interview";2024-01-17 20:28:38;3;1;3;2;4;4;2;5;1;2;2;4;2;4;2;3;4;3;2;4;4;3;3;1;3;4;4;4;4;4;3;3;3;4;2;3;2;4;4;2;3;3;4;4;2;1;3;2;4;4;4;3;3;1;3;4;2;4;2;4;4;4;3;3;4;2;3;1;4;2;2;3;2;3;3;2;3;4;2;4;3;3;4;2;4;2;2;3;2;3;4;3;4;2;4;3;3;2;4;2;3;3;2;3;4;2;2;3;1;3;4;2;2;3;3;4;4;4;4;4;4;2;3;2;4;3;4;2;4;2;2;4;2;3;5;1;5;4;4;3;4;1;3;4;1;4;1;2;4;2;3;3;4;2;3;1;2;3;2;4;2;4;2;2;2;4;2;4;2;4;4;3;2;2;4;2;2;2;3;2;5;3;2;4;2;1;1;4;2;4;1;2;4;3;3;2;4;2;4;2;1;5;2;2;3;4;1;4;4;2;3;4;4;2;2;4;4;4;2;4;2;1;4;2;4;4;3;2;4;1;3;4;2;4;3;4;4;2;3;2;3;2;5;1;1;4;1;1;2;4;3;4;3;2;4;2;4;4;2;4;5;2;1;5;3;4;4;1;4;2;4;1;5;1;4;4;1;2;3;2;5;1;3;1;2;2;5;1;1;4;2;2;4;2;4;4;4;1;5;3;3;4;2;4;4;4;2;4;2;1;1;2;1;1;2;"34";1;1;2;1;1;1;2;1;1;1;2;1;2;2;2;3;29;8;198;75;67;55;64;70;58;77;61;73;60;63;68;62;1091;;2024-01-17 20:46:49;1;0;17;17;0;0;1,2
305;;;"VM";"interview";2024-01-18 18:07:50;4;2;2;4;2;2;1;4;2;3;1;5;1;4;2;3;4;4;4;4;5;2;3;2;4;2;3;4;4;3;3;3;4;2;4;3;4;3;2;2;4;3;2;4;2;2;2;2;2;2;2;4;4;2;2;5;1;5;2;3;4;2;1;2;5;1;3;2;3;2;3;4;4;2;4;2;3;3;2;4;3;3;5;2;4;3;2;2;3;5;4;2;4;2;3;3;4;2;2;4;1;2;2;2;4;1;2;3;4;2;3;5;2;3;4;4;4;3;3;2;3;4;2;2;2;2;4;2;2;2;3;2;2;4;5;1;4;3;2;2;4;1;2;4;2;2;2;2;4;1;3;3;4;2;3;2;2;3;2;3;4;4;2;4;4;2;4;3;4;3;2;4;4;3;2;4;3;3;2;2;2;2;2;2;4;2;2;4;2;4;2;3;5;2;2;3;4;2;4;3;2;4;1;2;3;4;2;4;4;2;4;4;4;3;2;4;4;4;3;5;3;4;5;2;4;4;3;1;5;1;2;4;1;4;2;2;5;1;3;2;2;2;4;2;1;3;2;3;3;4;1;4;4;1;4;3;4;3;2;4;4;3;2;4;3;2;2;1;4;1;2;1;5;1;2;5;1;2;1;2;5;3;2;2;5;1;4;2;2;4;2;4;2;2;4;4;4;2;4;2;4;4;2;4;4;4;2;4;2;1;1;2;1;1;1;"30";1;1;2;1;1;1;1;1;2;1;2;1;2;1;2;4;29;84;133;73;70;55;63;105;62;72;58;55;58;52;289;50;1089;;2024-01-18 18:29:42;1;0;17;17;0;0;1,12
308;;;"VM";"interview";2024-01-19 15:05:38;2;1;2;3;2;2;4;5;2;3;3;3;3;5;2;4;4;4;3;4;2;3;4;4;2;3;3;4;4;5;2;2;3;3;5;3;4;5;2;4;4;2;2;3;;;;;;;;;;;;;;;;;;;;;;;3;1;3;2;3;3;2;3;3;3;2;5;3;4;2;4;5;2;2;2;5;1;;;;;;;;;;;;;;;;;;;;;;;;;;;;;;;;;;;;;;;;;;;;;;;;;;;;;;;;;;;;;;;;;;;4;4;2;4;2;3;5;3;3;4;3;2;3;3;3;3;2;4;3;4;2;4;;;;;;;;;;;;;;;;;;;;;;;5;4;1;5;1;2;5;2;3;4;4;1;4;4;4;5;3;3;5;4;2;4;1;4;5;1;5;5;5;2;3;1;2;5;1;5;4;5;4;1;5;1;1;2;;;;;;;;;;;;;;;;;;;;;;;;;;;;;;;;;;;;;;;;;;;;;;;;;;;;;;;;;;;;;;;;;;;2;1;1;2;1;1;2;"34";1;1;2;;1;;;;2;;2;1;;;;9;26;7;103;70;64;55;68;65;;;;;;;;;467;;2024-01-19 15:13:25;0;0;9;9;0;0;1,33
309;;;"VM";"interview";2024-01-20 12:11:10;3;1;2;3;2;2;1;4;3;4;1;4;4;5;3;3;2;4;4;3;4;4;4;4;1;4;2;1;4;5;3;5;4;2;5;2;5;3;2;4;4;3;2;5;2;2;5;1;5;4;1;2;5;1;2;5;1;4;1;2;4;1;2;3;4;1;3;3;4;3;4;2;2;3;4;2;1;4;2;4;1;4;4;4;1;3;4;2;4;5;5;2;2;4;5;1;4;2;5;2;2;3;4;4;5;2;4;1;2;3;3;5;5;3;4;4;4;2;5;2;5;3;2;2;1;4;5;2;4;2;1;3;2;4;5;1;5;4;5;3;5;1;4;5;2;2;1;2;4;1;4;3;2;1;4;1;2;4;1;2;4;3;4;4;4;2;4;3;4;3;2;2;4;3;2;3;2;2;3;2;4;4;1;3;5;1;1;5;2;4;1;4;4;3;1;3;4;2;5;3;1;5;1;2;5;4;2;4;5;2;4;3;4;3;2;2;5;3;2;4;2;4;4;2;5;4;5;2;5;2;5;4;2;2;1;3;5;1;2;1;3;2;3;4;1;4;2;4;4;1;4;4;5;2;4;2;4;4;1;4;4;2;2;4;2;5;5;1;5;5;2;1;5;1;4;5;1;2;1;2;4;3;2;1;1;1;4;5;1;5;1;1;4;1;4;5;5;4;4;1;5;5;2;5;4;4;1;4;2;1;1;1;1;2;1;"76";1;1;2;1;1;2;1;1;2;1;2;2;2;1;2;47;50;173;341;187;151;145;196;154;208;155;158;212;156;153;145;148;1220;;2024-01-20 12:57:29;1;0;17;17;0;0;0,41
313;;;"VM";"interview";2024-01-21 21:52:04;3;1;3;4;3;4;3;4;3;3;4;2;3;5;5;5;4;2;3;3;4;2;2;1;4;4;4;4;4;4;3;4;3;1;4;5;4;5;4;2;5;3;3;4;5;1;3;3;3;2;2;3;3;3;3;2;2;5;4;5;5;2;3;3;3;3;2;1;4;2;3;2;2;2;4;2;2;3;2;4;4;5;4;3;3;2;4;2;4;1;2;4;3;3;3;3;3;3;2;4;2;2;2;2;4;2;3;2;3;3;4;2;3;3;2;3;3;3;3;4;2;4;4;4;3;2;3;4;3;2;4;4;2;1;2;3;1;1;2;4;2;2;1;5;3;5;2;2;4;4;2;4;4;4;3;1;2;4;2;4;3;4;3;4;2;2;3;5;4;5;5;3;3;3;3;4;4;1;1;3;1;1;1;3;1;1;1;5;3;5;2;2;5;5;1;3;5;2;4;1;1;4;3;4;4;4;5;4;4;2;4;5;5;5;5;2;4;3;3;3;4;1;3;3;3;5;5;2;4;2;3;4;3;5;3;5;5;1;4;1;4;2;4;1;1;4;2;5;4;3;5;5;4;2;3;4;5;5;3;3;4;2;2;3;2;4;3;2;4;4;3;2;5;3;4;2;3;3;4;1;2;2;4;2;2;3;5;5;1;5;1;5;4;2;5;4;4;2;5;5;5;2;3;4;5;2;2;5;2;1;1;1;1;2;1;"41";1;1;2;1;1;2;1;2;2;1;2;1;2;2;1;11;35;45;118;98;86;90;82;102;62;92;76;83;75;86;71;68;1280;;2024-01-21 22:13:24;1;0;17;17;0;0;0,86
314;;;"VM";"interview";2024-01-22 07:51:35;2;2;3;3;4;3;3;4;3;2;2;3;3;3;2;3;3;2;3;3;2;3;3;2;2;3;2;2;2;4;2;4;2;3;3;3;3;3;3;3;3;3;3;3;3;3;2;3;2;2;2;3;2;4;2;4;2;4;2;3;4;4;2;3;4;2;3;2;2;3;2;4;3;3;3;3;3;4;3;4;3;3;3;2;3;3;3;3;3;3;3;3;3;3;3;3;3;2;4;2;3;2;3;3;2;2;4;3;2;3;3;3;3;3;4;4;4;3;3;2;3;3;2;3;3;3;3;2;4;3;2;3;3;1;2;3;2;2;2;3;3;4;2;3;2;3;3;3;4;4;2;3;4;2;3;3;4;3;4;4;3;3;3;2;3;4;2;3;3;3;4;2;3;3;2;3;3;3;4;3;4;3;3;3;3;2;3;3;3;3;3;3;3;2;3;3;2;3;3;2;1;3;1;2;2;4;2;4;2;4;3;4;4;3;4;3;2;3;4;3;2;2;4;3;4;4;4;3;3;2;3;3;3;3;3;3;3;2;3;3;2;3;3;3;2;3;2;2;4;3;2;4;4;3;4;3;4;3;3;3;4;3;2;4;3;3;4;2;4;4;3;2;3;2;3;3;3;2;2;3;3;2;3;3;2;3;3;3;2;3;2;2;4;4;2;4;4;2;4;2;4;3;2;3;4;3;2;3;2;1;1;1;1;2;2;"67";1;1;2;1;2;2;2;1;2;2;1;2;2;1;2;57;51;25;212;130;125;91;112;110;93;124;100;110;96;78;71;73;1658;;2024-01-22 08:19:13;1;0;17;17;0;0;0,66
315;;;"VM";"interview";2024-01-22 08:22:12;3;1;2;3;2;2;1;5;1;3;2;3;4;5;1;3;4;4;1;3;4;4;;;;;;;;;;;;;;;;;;;;;;;;;;;;;;;;;;;;;;;;;;;;;;;;;;;;;;;;;;;;;;;;;;;;;;;;;;;;;;;;;;;;;;;;;;;;;;;;;;;;;;;;;;;;;;;;;;;;;;;;;;;;;;;;;;;;;;;;;;;;;;;;;;;;;;;;;;;;;;;;;;;;;;;;;;;;;;;;;;;;;;;;;;;;;;;;;;;;;;;;;;;;;;;;;;;;;;;;;;;;;;;;;;;;;;;;;;;;;;;;;;;;;;;;;;;;;;;;;;;;;;;;;;;;;;;;;;;;;;;;;;;;;;;2;1;1;1;1;2;1;"11";1;1;;;;;;;;;;;;;;6;55;4;110;;;;;;;;;;;;;;175;;2024-01-22 08:25:07;0;0;4;4;0;0;1,73
317;;;"VM";"interview";2024-01-22 11:15:51;;;;;;;;;;;;;;;;;;;;;;;;;;;;;;;;;;;;;;;;;;;;;;;;;;;;;;;;;;;;;;;;;;;;;;;;;;;;;;;;;;;;;;;;;;;;;;;;;;;;;;;;;;;;;;;;;;;;;;;;;;;;;;;;;;;;;;;;;;;;;;;;;;;;;;;;;;;;;;;;;;;;;;;;;;;;;;;;;;;;;;;;;;;;;;;;;;;;;;;;;;;;;;;;;;;;;;;;;;;;;;;;;;;;;;;;;;;;;;;;;;;;;;;;;;;;;;;;;;;;;;;;;;;;;;;;;;;;;;;;;;;;;;;;;;;;;;;;;;;;;;;;;;;;;2;1;2;1;1;1;1;"48";1;;;;;;;;;;;;;;;6;44;4;;;;;;;;;;;;;;;54;;2024-01-22 11:16:45;0;0;3;3;0;0;1,97
319;;;"VM";"interview";2024-01-22 11:47:49;;;;;;;;;;;;;;;;;;;;;;;;;;;;;;;;;;;;;;;;;;;;;;;;;;;;;;;;;;;;;;;;;;;;;;;;;;;;;;;;;;;;;;;;;;;;;;;;;;;;;;;;;;;;;;;;;;;;;;;;;;;;;;;;;;;;;;;;;;;;;;;;;;;;;;;;;;;;;;;;;;;;;;;;;;;;;;;;;;;;;;;;;;;;;;;;;;;;;;;;;;;;;;;;;;;;;;;;;;;;;;;;;;;;;;;;;;;;;;;;;;;;;;;;;;;;;;;;;;;;;;;;;;;;;;;;;;;;;;;;;;;;;;;;;;;;;;;;;;;;;;;;;;;;;2;1;1;1;1;2;2;"32";1;;;;;;;;;;;;;;;3;55;25811;;;;;;;;;;;;;;;71;;2024-01-22 11:48:47;0;0;2;3;0;0;1,2
321;;;"VM";"interview";2024-01-22 14:37:47;4;2;2;4;2;2;2;4;3;3;2;4;2;4;2;4;5;3;3;4;3;3;4;4;2;4;2;3;3;4;2;4;4;2;4;2;4;4;3;3;4;4;3;4;3;2;3;2;4;4;1;4;3;2;2;4;2;3;2;2;4;3;2;3;4;2;4;1;2;2;2;4;2;4;4;2;2;4;2;5;5;4;4;3;3;3;2;2;4;2;4;1;4;3;3;2;5;2;5;3;1;2;3;3;5;1;4;2;2;3;4;4;2;3;3;4;3;2;3;3;4;2;3;2;4;4;4;1;5;2;2;2;3;2;2;2;2;2;2;4;2;2;2;4;2;4;2;2;3;3;2;3;4;2;4;2;2;3;2;2;3;3;2;3;2;4;3;4;4;3;4;4;3;3;4;2;3;2;2;2;2;2;2;4;2;4;2;4;2;4;3;2;4;4;2;3;4;2;5;2;2;5;1;4;3;4;2;4;4;2;3;4;4;3;3;4;4;4;2;4;3;2;3;3;4;4;2;3;4;1;2;4;1;4;4;3;5;1;5;2;2;2;4;2;1;3;2;3;4;3;2;4;4;2;4;4;5;4;2;4;5;3;2;4;2;2;3;1;4;2;2;2;4;1;1;5;2;4;1;1;4;4;2;2;4;1;4;3;1;4;1;2;5;3;2;4;5;1;4;2;5;5;1;3;5;4;2;5;2;1;1;1;1;2;1;"37";1;1;2;1;1;1;1;1;1;1;2;1;2;1;2;1429;388;28;300;286;231;140;264;178;138;147;151;300;197;190;100;115;1469;;2024-01-22 15:54:09;1;0;17;17;0;0;0,37
322;;;"VM";"interview";2024-01-22 20:08:45;3;1;3;3;2;2;4;2;4;2;1;5;1;5;2;5;5;1;3;2;3;1;3;1;2;3;2;3;5;3;4;4;4;2;3;2;5;4;4;2;4;4;2;4;3;1;3;3;2;2;2;2;4;3;1;4;1;5;4;5;5;2;2;2;4;1;3;1;1;3;2;2;1;2;4;4;1;5;1;5;2;2;4;4;2;2;4;1;3;4;5;1;5;5;3;1;5;1;4;2;1;2;4;4;5;1;4;2;2;3;3;2;4;3;3;4;4;2;4;4;4;2;3;2;3;4;5;1;4;2;2;3;3;1;2;2;2;2;4;3;3;2;4;2;4;4;2;1;2;4;2;2;4;4;3;1;2;4;2;3;4;2;3;4;4;2;2;3;4;4;5;2;4;4;2;3;3;1;2;3;2;1;1;2;4;1;1;5;1;5;2;2;5;4;2;2;4;1;3;1;1;4;1;2;4;4;3;4;4;2;4;4;4;4;2;2;4;4;2;4;3;1;5;1;5;5;4;1;5;1;3;5;1;3;2;2;5;1;3;1;1;3;4;1;2;4;1;5;5;2;4;4;5;1;4;4;5;5;2;1;5;4;1;5;3;4;5;1;4;2;2;1;5;1;3;5;1;3;2;2;5;2;2;2;4;2;4;1;2;4;1;4;5;1;5;4;5;1;5;2;5;5;2;4;4;4;1;4;2;1;2;1;1;1;2;"35";1;1;1;1;1;1;1;2;1;1;2;1;2;1;2;5;34;10;304;133;99;106;97;79;74;84;74;78;63;85;59;68;1452;;2024-01-22 20:32:57;1;0;17;17;0;0;0,97
323;;;"VM";"interview";2024-01-22 23:49:08;;;;;;;;;;;;;;;;;;;;;;;;;;;;;;;;;;;;;;;;;;;;;;;;;;;;;;;;;;;;;;;;;;;;;;;;;;;;;;;;;;;;;;;;;;;;;;;;;;;;;;;;;;;;;;;;;;;;;;;;;;;;;;;;;;;;;;;;;;;;;;;;;;;;;;;;;;;;;;;;;;;;;;;;;;;;;;;;;;;;;;;;;;;;;;;;;;;;;;;;;;;;;;;;;;;;;;;;;;;;;;;;;;;;;;;;;;;;;;;;;;;;;;;;;;;;;;;;;;;;;;;;;;;;;;;;;;;;;;;;;;;;;;;;;;;;;;;;;;;;;;;;;;;;;2;1;1;1;2;1;2;"28";2;;;;;;;;;;;;;;;12;26;11;;;;;;;;;;;;;;;49;;2024-01-22 23:49:58;0;0;3;3;0;0;1,18
324;;;"VM";"interview";2024-01-23 14:13:21;5;1;3;3;5;3;3;5;1;1;1;5;5;5;1;3;5;1;3;2;3;1;5;1;1;5;1;1;1;5;1;5;5;1;3;5;5;3;5;5;5;3;5;5;1;1;1;1;1;1;1;5;1;1;1;5;3;5;1;3;5;5;1;1;1;3;3;1;1;1;1;1;1;5;1;5;1;5;1;3;5;3;5;5;1;1;5;1;5;1;5;3;1;5;5;5;1;5;1;5;5;5;5;5;5;1;5;1;1;5;5;1;1;5;1;5;1;5;1;5;3;5;5;5;5;3;5;5;1;1;1;3;3;1;5;1;1;1;5;5;1;1;1;1;1;3;1;1;5;1;5;3;1;5;1;1;1;1;1;1;1;5;1;1;5;5;3;5;1;3;5;5;1;3;5;1;1;1;1;1;1;1;1;5;1;1;1;5;1;5;1;1;1;3;1;3;1;1;1;1;1;1;1;1;1;5;1;1;1;5;1;5;1;1;5;1;1;3;3;1;5;1;1;1;1;1;1;5;1;1;1;5;3;5;5;3;5;5;1;1;5;1;5;1;1;1;1;1;1;5;1;5;5;1;3;5;5;5;5;5;1;1;1;3;5;1;1;3;1;1;1;1;1;1;3;5;5;3;5;5;5;1;1;1;1;1;5;5;1;5;1;1;5;3;5;5;4;1;3;5;5;5;1;5;5;1;1;5;2;1;1;1;1;2;2;"63";1;1;1;1;1;1;1;1;1;1;1;1;1;1;1;29;34;21;114;75;67;55;60;50;49;50;74;55;51;53;47;44;928;;2024-01-23 14:28:49;1;0;17;17;0;0;1,16
326;;;"VM";"interview";2024-01-24 15:34:38;;;;;;;;;;;;;;;;;;;;;;;;;;;;;;;;;;;;;;;;;;;;;;;;;;;;;;;;;;;;;;;;;;;;;;;;;;;;;;;;;;;;;;;;;;;;;;;;;;;;;;;;;;;;;;;;;;;;;;;;;;;;;;;;;;;;;;;;;;;;;;;;;;;;;;;;;;;;;;;;;;;;;;;;;;;;;;;;;;;;;;;;;;;;;;;;;;;;;;;;;;;;;;;;;;;;;;;;;;;;;;;;;;;;;;;;;;;;;;;;;;;;;;;;;;;;;;;;;;;;;;;;;;;;;;;;;;;;;;;;;;;;;;;;;;;;;;;;;;;;;;;;;;;;;1;1;2;1;1;1;1;"0";1;;;;;;;;;;;;;;;62;29;7;;;;;;;;;;;;;;;98;;2024-01-24 15:36:16;0;0;3;3;0;0;1,07
328;;;"VM";"interview";2024-01-25 11:40:04;;;;;;;;;;;;;;;;;;;;;;;;;;;;;;;;;;;;;;;;;;;;;;;;;;;;;;;;;;;;;;;;;;;;;;;;;;;;;;;;;;;;;;;;;;;;;;;;;;;;;;;;;;;;;;;;;;;;;;;;;;;;;;;;;;;;;;;;;;;;;;;;;;;;;;;;;;;;;;;;;;;;;;;;;;;;;;;;;;;;;;;;;;;;;;;;;;;;;;;;;;;;;;;;;;;;;;;;;;;;;;;;;;;;;;;;;;;;;;;;;;;;;;;;;;;;;;;;;;;;;;;;;;;;;;;;;;;;;;;;;;;;;;;;;;;;;;;;;;;;;;;;;;;;;2;1;1;1;1;2;2;"42";1;;;;;;;;;;;;;;;4;43;53;;;;;;;;;;;;;;;100;;2024-01-25 11:41:44;0;0;3;3;0;0;1,34